Patient_ID,eRNA_chr1_155158995,eRNA_chr10_5528926,eRNA_chr10_5531356,eRNA_chr12_13371038,eRNA_chr3_11236700,eRNA_chr3_138070534,eRNA_chr8_22624675,eRNA_chr9_71398719,eRNA_chr9_71398939,eRNA_chr9_114689796,PIP5K1B,PEBP4,EMP1,UGCG,MRAS,CALML5,MUC1,HRH1
TCGA-3C-AAAU,46.5870112080531,1.61270946639524,0.249204553306107,1.43826627908096,1.44894647422265,0.69065261916264,4.26851799162889,5.93818849877981,5.54302127853727,0.726253269634941,0.772223505562853,0.05755424645808902,3.9582394933626297,4.9789506499798915,2.1632410851635435,0.029558897449116415,6.971524011335786,0.7386381505183938
TCGA-3C-AALI,15.1709728167025,0.551395810943839,0.202347086584895,1.42654696042351,2.39781297603101,0.202347086584895,0.202347086584895,5.77195064483413,4.46681193636156,3.06049968459654,0.437866900870151,0.08732705179747538,3.0922751051330946,4.652589745739197,2.1461990133524798,5.643126001330775,5.044603950649768,2.148641306938927
TCGA-3C-AALJ,5.96019020006938,1.33024534900099,1.07974460146185,1.75350523277404,0.34551827246779,0.621932890442023,7.67050564878495,4.46582367164619,9.3980970111239,2.03855780755996,0.10057404021319741,0.14169436196453092,4.167919865551935,5.260910127307605,2.887934626117675,2.9104448615812704,3.7874847048456948,1.1441769243465265
TCGA-3C-AALK,77.1428537561916,1.0544845063206,0.274891025953542,0.973666350726688,1.6933327838725,0.153939343988409,9.628905966475,4.79905904883866,4.82984691763634,1.81648425906323,0.5008020530571576,0.08215755908542595,4.113592159632916,4.489703483048175,2.2618617396528973,7.483966486695295,8.263032527323404,0.9969671548109422
TCGA-4H-AAAK,22.6426027769067,0.752460213816686,0.619167261654873,3.00554108261637,0.546071126598395,1.07924293524565,0.799757712970878,7.81698667839278,7.63639622707677,2.42077200216454,0.18827431132120426,0.6301258523243805,4.506462306681605,5.176258935164363,2.2160823083738586,4.487537799752097,6.203310803238726,1.00417776078911
TCGA-5L-AAT0,42.2709857474075,0.23490406083583,0.23490406083583,1.00421486007317,0.422827309504493,1.32720794372244,5.96069054370917,5.6494426631017,7.51692994674654,1.44465997414035,0.41921526006795384,1.4287855898480517,3.979824150025785,4.951228754801303,2.2852838390278594,1.7561693281392987,6.8950468790322,1.1327084394083
TCGA-5L-AAT1,50.1724804798814,0.330462575200931,0.0,1.58622036096447,3.8333658723308,1.03269554750291,0.0,6.79926748475916,9.0877208180256,2.42063836334682,0.9014172209116916,0.4667576157261716,4.102842865117357,4.744198777411456,2.61666351969327,1.9875755437083262,6.978931207444292,2.237410752719177
TCGA-5T-A9QA,77.2245585162394,0.484090634798554,0.278352115009169,0.427139792067678,0.62931782523812,0.574857628823283,0.913721073182271,5.34315038158904,5.71832062355792,20.5254429154587,2.0601165760174203,0.032524065692199365,3.556110552581463,5.3315475832802965,0.723340120251171,0.1432627930386199,8.473493083537472,0.2183472092784992
TCGA-A1-A0SB,1.79424453280272,0.421724142325426,0.628752357648818,1.80574610032069,0.0,1.44536365142442,0.0,11.2216960416957,11.8581161110231,0.153354233572882,1.7959746942066679,0.3115031154682697,3.971782642161145,2.8048176709617523,3.440527031875852,8.326317123319848,2.3521652825713435,0.23952024689811735
TCGA-A1-A0SD,29.374051967035,2.20346996058665,2.00043118778334,3.71128248648657,1.86396250442375,0.272937366719192,0.319536429329785,6.51721175653875,6.06120664384937,2.27669705897472,1.2121957772120309,0.2666366425139895,4.882109887264956,6.32647083479887,2.6874414737306016,2.6305219634716384,7.6644984846464315,1.429267800885093
TCGA-A1-A0SE,11.1598290688782,0.582054021949069,0.130067937865714,2.30220250022313,1.63885601710799,0.305659653984427,5.63519340803204,6.4968934963924,6.86758711930968,1.25840729885078,0.6156987816891009,2.0902775921730363,4.665551949922257,5.275584457068778,2.409309463999687,3.0977961777698257,7.608215634853947,1.0643310462459836
TCGA-A1-A0SF,11.087318532132,0.317347220955478,0.158673610477739,2.12225954013976,2.44754044161912,0.396684026194347,6.36677862041928,8.3303645500813,8.94919163094448,1.84061388154177,1.6221338383657997,1.7030120792508725,4.621770576361894,3.9105312077062573,1.831309777622071,1.6817191128824673,6.676541047478741,0.49610437977073235
TCGA-A1-A0SG,4.87938421121306,5.67044134199189,8.59735272587356,1.94168568463895,1.02477855578167,0.143828569232515,1.28007426616938,7.36402274470475,3.43390709042629,5.59133562891401,0.25386828044171933,0.14886904353100072,4.040489190994259,4.757626021970397,2.227063305835854,2.8534567807690157,5.999120589736922,1.1113652309276465
TCGA-A1-A0SH,5.97900226262484,2.02181026433623,2.09897859503608,2.76879970551083,1.071096430114,0.246938658239539,0.512397715847044,6.50683364461186,7.30938428389036,1.04640256429005,0.18827431132120426,3.9967502788491847,5.4196838278938735,3.8258771919452723,2.3463612559550033,1.1046721312825625,6.834668241700126,0.9205981969291892
TCGA-A1-A0SI,25.4685408633171,1.30084265174016,1.57220122640424,2.27997152939405,3.58920671437124,0.998711455206963,0.111900443160444,4.22144421822775,3.74027231263784,0.727352880542886,2.099564527163197,0.1159654315868068,4.313492569279073,3.9514572451480405,2.986811375457232,8.092340654547785,7.8694778677968396,1.6947465005779068
TCGA-A1-A0SJ,0.267780249154583,2.25499157182806,7.07855948094153,6.81077923178695,0.778676777146878,0.23606943017575,0.465092011689538,4.96098145802174,5.08077788527511,0.570794741618979,0.4368014735705005,0.19773960600635554,5.18742334008033,5.046093749230588,2.484988799686007,5.845123685341261,2.620985149095337,0.8184415757641648
TCGA-A1-A0SK,0.507600072296753,0.480407211280856,0.349622844081997,0.646585806378007,0.120857160070656,0.833914404487523,0.120857160070656,2.67396466656325,2.9217218447081,0.519685788303819,4.230641105503765,0.03491998434915955,2.79447825181382,2.9957920198433974,2.228387741218706,5.608554974832583,1.7350888704781762,0.5018212654209103
TCGA-A1-A0SM,31.2826816167402,1.61230840805524,2.22214526706059,3.91242368448638,9.07515216209332,0.573636497511882,9.69334295067409,3.51143506486643,3.37220290527616,0.320233967057604,0.039980597690881255,4.882144132953794,4.719391559150712,3.5987820401335293,2.333738573286604,2.4609260010879055,8.750724402287469,1.6601071664705784
TCGA-A1-A0SN,45.183201995391,0.0,0.450874683297593,0.734987497430323,3.08200639678766,0.367493748715162,0.839985711348941,3.63170292847924,3.36611921092039,2.05981790246229,1.3740100576179324,0.4464679860973255,3.766160485697069,4.63876894441695,2.473734968463598,7.939177201727052,7.783249062116176,1.1100959291034205
TCGA-A1-A0SO,0.3279622996759,1.90572687649509,2.66506301178074,1.13161766464747,0.0,19.1281795324484,0.0,3.05211761770455,2.60301609022043,0.558422294042749,2.1086582657648294,0.016211033155917154,3.456701031008205,3.3143920051192333,5.541369249267556,9.154145960336267,1.4357885883269776,0.36546858577813096
TCGA-A1-A0SP,0.803646939441548,0.729115166832049,0.0,2.9909924399377,2.27807983236858,0.771241820915679,0.0,2.79980224063507,3.15625854441963,0.670785953485485,1.6174865664133558,0.1294808586988783,5.0877768054173185,3.178252522376259,2.8908941214159265,4.309947398151487,2.0966666685801796,1.21555435487164
TCGA-A1-A0SQ,5.58137305363739,1.85919550158477,2.15454631446382,0.473318610383089,0.802748363209719,0.939064123000049,11.3445004536619,4.94144629239945,3.58207524337922,2.1999849010606,0.18472462050188018,0.07901963303483801,3.3155952114469196,5.847435749362521,1.5984128496835799,2.864334740782428,7.205165705503884,0.9955930561143435
TCGA-A2-A04N,21.8948222778861,2.58693248218408,2.99287053217017,0.848779559061824,2.2215882371966,0.147613836358578,1.36542798631685,7.17772279293586,10.4362982305515,1.87100537584498,0.38438142271223613,1.1327084394083,5.004762042558117,5.18503001532213,1.899987643095152,2.6781395298577366,5.856846292222708,1.258518924711301
TCGA-A2-A04P,14.2961575034252,1.98062586636537,0.158450069309229,1.10518923343187,4.60693576516584,0.344628900747574,0.0,2.57877487800771,5.77550502632141,1.24779429581018,1.285461405137036,0.19836842310251937,3.9242709460572285,3.643902355277389,3.447803980280166,6.9711584006800615,4.580664085907446,0.8052924556007117
TCGA-A2-A04Q,7.42589234585119,0.189348331813792,0.0,1.02415559319067,3.09998140744879,0.333232715396369,0.223174203889311,3.93764896725251,3.88261971149898,1.6264202256043,0.6379347755351448,0.2543521627339931,4.023131129667195,4.958842675243241,3.740949141234865,2.4873577153115476,4.986151499884662,1.342156470267794
TCGA-A2-A04R,15.1446393283032,2.41385282974349,0.397114681599018,1.45323792811087,0.29838880460969,0.140749436136646,5.14439189079443,4.2893390662643,5.77776435340934,3.90579685279194,0.13632265374921437,0.20976526597410353,3.720442647283944,5.559433688188141,1.86504778922595,1.1602748314085933,5.547675001311719,0.9271379389685042
TCGA-A2-A04T,2.10436103866563,2.8139711563552,0.201871843825482,1.77708395852432,0.587263545674129,6.39566705210731,0.0,6.61894954603549,5.67688094151658,0.737138096393047,1.4738907923057205,0.8398789877498036,4.824034610786873,3.012354130407874,4.249179836496438,7.624149890434273,2.9499270686625905,0.5278710543015731
TCGA-A2-A04U,0.54772898508576,0.18257632836192,0.0,1.0178630306177,6.57274782102912,2.93035007020881,0.0,2.17722271571589,2.41913635079544,0.0,0.18510536254259158,0.07847320937869356,3.7682478549028446,3.2987462820924462,2.3337958094621603,3.7643143043408256,2.036643991846286,1.5559142942433986
TCGA-A2-A04V,12.7694356033743,0.942343376077892,0.136571503779405,0.833086173054368,1.34864359982162,0.276557295153294,0.136571503779405,5.3672600985306,7.09488962134007,18.3756958335189,1.1832006467254277,0.0553345017510994,3.9060054711841943,8.193618990958251,1.8968918128449075,0.02842770457266734,4.867550570980321,1.0769694763151108
TCGA-A2-A04W,5.04027945838756,0.287435420257013,0.46497042974055,2.85956814290438,3.66861669065294,0.474269838335361,0.0,3.47332911016191,3.72906284651921,0.404524273874279,1.0582472168546626,0.22724818378073325,4.884309743911801,3.112633416985245,2.185327415672159,8.52190935929969,6.093803111906962,1.2579157913242183
TCGA-A2-A04X,195.913872431848,6.70404378598072,7.72529107817266,0.260678738247192,2.91040144231276,0.122672347410443,0.122672347410443,7.25606934932771,7.3756748880529,1.61620817713259,1.3118518311870575,0.15107947302881158,3.2368905483358006,4.533812496827667,2.216579029358607,3.910185792194788,10.047308532539356,3.0889726375376667
TCGA-A2-A04Y,101.755349091817,3.65626323000489,3.30500650048477,1.58065528284054,2.57322164731785,0.303358084585558,1.32785687901924,5.68397253223467,6.21351866234455,2.98302116509132,0.5861161953375265,0.06942721045601417,3.7526308592633253,5.27967186237215,1.8880710521022308,2.918920467017122,6.2148688917218795,0.6271398709655507
TCGA-A2-A0CK,51.9740015509657,1.35879742616904,0.706730845220104,1.91324924949089,1.96791351376206,1.1323311884742,5.2594831409474,9.2929249260986,9.2929249260986,4.82607361708314,0.934554243277908,1.651912744645783,4.244049809610481,6.776380390388192,2.7603487071597774,3.3856795182889305,6.999865868210288,1.1378969323896189
TCGA-A2-A0CL,1.94363880839524,0.684482970188153,0.25289559356511,1.93265779817831,1.18960944016658,1.14202506255991,0.0,4.01904973939354,3.7847881880992,1.86677173687678,0.6676650900514056,0.10272531001108826,4.685592604285772,4.802327655376917,2.812190143677934,0.8395565437542971,3.0998674552568852,1.308360875198613
TCGA-A2-A0CM,13.4311683456836,0.181379721076079,0.417173358474981,1.89541808524502,3.78630167746314,0.820743237869256,0.0,1.94529750854094,2.87033408602895,1.32407196385537,0.33147592612318894,0.025595835882683472,5.844963057385629,3.8152475063606746,3.4246802754815318,8.731412039424873,5.301188875067926,1.4875892483208624
TCGA-A2-A0CO,68.1844704039035,1.51566073884457,1.24413862787509,5.62091295395032,2.08302037370617,0.826724039369766,0.291784955071682,5.0819213008318,6.08695836830092,2.8246404678467,0.8598900587011354,0.8170501584325206,5.887349797160302,5.5863083881095275,3.070543894079881,7.490647140581584,8.43584524871142,1.5853952443251274
TCGA-A2-A0CP,29.9999823134433,6.38619026485798,1.9141779759697,2.0988793596159,0.867536801974572,0.400627375749532,1.16417841813362,7.841413287525,10.8190234723668,9.65484505423314,0.5117716260705654,0.8749936389329674,4.218967110048957,5.82352264783015,2.6986852223740185,1.0974759590132686,6.191426444131932,1.307603386720961
TCGA-A2-A0CQ,64.722709381412,5.78806031441969,4.648219956048,1.47995401369228,1.56574844926864,0.122563479394806,12.529051681134,4.96994908945936,5.63179187819132,7.51926946087132,0.05436228844968911,3.986301704994124,4.26799265406106,6.294712637369152,0.9185388925112372,3.5550062519834005,7.693999127858544,0.5952171936041825
TCGA-A2-A0CR,18.329800347994,0.528695958455009,0.0,0.377861889212322,0.983140656191318,0.874680299102596,8.20799992677876,2.77798462994985,6.66156515796537,3.89407669160476,0.8317961886316985,2.748912004774892,4.070191802548935,4.747478706576003,2.7769672406536516,3.985272714253447,7.024109093477693,0.8381853522108784
TCGA-A2-A0CS,18.7123314687715,0.388728307611526,1.63929931519442,0.657521153896663,1.78341354070602,0.180142781889497,1.3961065596436,11.4030380936051,12.6505268581899,6.64726865172243,2.197519455255779,0.7756827017390598,3.8699306126936293,5.852181160663893,1.873970646251952,1.4099611123147024,8.113145694090507,0.8175414001514337
TCGA-A2-A0CT,1.35468443780334,3.13189103144889,5.66266806798826,1.03670384629323,1.58119116052288,0.304912895968598,0.0,5.24014591214606,5.76285373380651,5.66702396650209,0.1589832511603865,0.1141004515881803,4.113733832768567,6.9056144484966575,1.2763775527736367,1.108825509547506,2.818073389989442,0.988775562337746
TCGA-A2-A0CU,4.50693617549347,0.704995602870487,0.158264319011742,2.12218064129381,1.17619164356454,0.215814980470557,0.766143180670478,3.78755290725828,5.17955953129337,2.53942293687022,0.18852752677440168,0.10822334117387104,4.133374463752724,6.677797146984961,2.3430382176068854,0.26110952890930156,5.164939097913716,0.9868841708272749
TCGA-A2-A0CV,16.6853881328276,0.442467323214612,2.95797599408287,4.20343957053881,2.65480393928767,0.893128485748013,1.05154271257794,9.85445742073037,8.54071184995118,5.93507094657624,0.44953496347828864,0.39077772675120004,5.601048703186379,6.142470621708079,2.586188270627472,7.878724115532065,7.639573691871731,1.3387952032266608
TCGA-A2-A0CW,2.06002189176049,0.582632454235291,0.419138653301918,0.523180162986792,3.73657650496817,0.237809164993996,0.63019428723409,2.96072410417525,1.93814469470107,1.80734965395437,1.4723837896946428,0.04851520993393956,2.641638506574872,4.2786464504703785,1.4861994925681032,8.612623052429562,3.442664879559773,1.553606256685873
TCGA-A2-A0CX,9.07012119261269,0.20486926718427,0.37621447246566,0.74125425763036,2.00399392263886,0.767328527999267,0.148995830679469,3.65784764318097,4.03778701141362,1.04297081475628,0.8505594206227717,0.2843956805128771,3.9967322043806535,2.90456116803197,2.330242865618232,1.0576235584781313,6.271237034670853,1.387086770015909
TCGA-A2-A0CY,108.681195629795,1.60641485304775,0.390855195388747,0.232278988936406,7.01975930918189,0.0,4.36194398053841,1.79011679488046,2.11452660705312,0.699630799745857,0.4082770851530459,0.09180136921767433,3.593473293373049,3.0079848200406785,1.2098900072340393,9.995086055027496,7.349619163635444,2.1364210965082946
TCGA-A2-A0CZ,5.20294829198148,0.162085616572632,0.0,2.56095274184758,1.87614101182821,0.575403938832843,0.0,8.75262329492212,5.3366689256539,2.6419955501339,0.8588562961913365,0.3600832959133314,4.891637907721229,5.012474814824662,3.1407459412386185,2.631290574781914,5.23880214229262,1.6013161842989907
TCGA-A2-A0D0,2.9602141235663,0.0,0.0,0.168465749271368,0.496410753150453,6.82199777675144,0.0,1.46733178504766,1.60238471053712,0.343107432324578,0.06405506441044337,0.04096254777849784,3.050588761508845,2.4618952109638124,4.486411903025282,3.028056338564124,4.8081739342225855,0.9571717072463906
TCGA-A2-A0D1,0.159197605859045,1.69943444254531,0.159197605859045,0.437793416112374,1.77107336518188,0.191037127030854,0.159197605859045,2.71431917989672,3.57796619168204,0.859667071638843,0.13343200698073496,0.043764442310170244,3.0683096618202863,2.598770132238726,1.214186989143762,4.133645718878339,0.3048614514884491,0.9051198033836163
TCGA-A2-A0D2,0.622008740193565,0.747848658729835,0.0,1.66827777716656,0.654367576388606,2.88712727384643,0.0,2.78285991277352,2.38017217345746,0.747848658729835,0.16027483140859297,0.05935527761642124,4.520063887606883,3.3579460528592606,4.2654969070738735,4.296237131771016,2.4565959051262127,0.8616378172243362
TCGA-A2-A0D3,33.3730837112883,7.78421421410636,19.8957954872702,1.10392016812692,6.45004783948441,0.337484165684514,4.4377590758702,4.79416758729403,5.33351144086461,1.17015537821453,0.2130050385450477,0.6612023297627099,4.140034216306435,4.806303432581546,1.244765307569313,6.478565787753994,8.257556147296512,1.2611697202037548
TCGA-A2-A0D4,1.6459172602915,1.25833029254544,0.528286346448402,1.62467961822323,0.801720988077474,0.135389968185269,0.849505682731099,4.71210183389906,5.48196635887412,5.893445673947,0.17453425469490197,0.13251103979919546,3.600043719924308,6.460042995042531,1.9174317553901044,1.7314873921985987,3.102674926318843,0.6169222421187011
TCGA-A2-A0EM,14.2472831661289,0.0,0.141412239862321,2.05047747800366,0.795443849225557,0.0,0.710596505308164,5.59638939255136,4.15398454595569,4.47923269763903,0.22613856056934262,3.0657446251251366,4.626415773025692,6.155979896512063,1.768586635000888,0.28924428515664247,7.930638001041889,0.8628282579560358
TCGA-A2-A0EN,61.8690610522884,0.429868129934683,0.188400745098562,3.02940851028293,1.66719126069262,0.328210126233913,2.75347964309513,4.71983588610716,5.97168158882235,2.92775050658216,0.8036403568906665,2.3529844580206443,5.376217440921411,4.972678870227837,3.3589025793152016,0.5810137351679657,6.878064404393783,2.173415303990496
TCGA-A2-A0EO,10.7634098382943,0.158364393941664,0.199504102137937,2.44637817047831,0.784934172345982,1.15123678610744,1.27551803006222,5.70385498571413,4.87640354569941,6.91396183474752,0.3578334786294903,0.47549998726495085,4.83691381950672,6.4231697081142345,2.630452069406808,2.949945739130239,7.095702936654286,1.363451457071713
TCGA-A2-A0EP,33.9500970231609,0.43434930408,0.751639930464681,4.54372498948936,2.3134491302417,1.14594284480681,2.03620489359489,4.76243988728851,7.00811820412766,2.81556924772426,1.6196947136138455,0.2748878115775829,5.899040250599505,4.77306797704616,3.588444807641867,8.1420069588821,6.663182349748679,1.7710826844017948
TCGA-A2-A0EQ,2.9257286467486,0.132686106428508,0.218932075607038,0.520792967731893,1.42637564410646,0.227462465389327,1.78794528412414,4.55776775581924,4.53454768719426,1.6718449409992,1.7815275809991358,0.12220886170022928,3.094185388801917,4.334682679935721,1.7622637611080307,0.8916524879339743,3.531606035561614,0.8108954818209675
TCGA-A2-A0ER,1.20102617010447,4.37596109200102,2.69118827004891,2.58554244953046,0.316937461555347,0.589392472366084,4.09238546850413,3.62253958251418,3.5141136088242,3.83939152989416,0.12921706366415378,3.671021567593488,4.205056199471798,6.481510460167982,1.9335348708807973,0.2663967730245536,4.267588231515101,0.724562965306671
TCGA-A2-A0ES,6.7887565052282,0.229519501497414,0.656282324594168,9.09471024683503,1.31256464918834,0.914491763778759,0.143449688435884,10.037891948301,10.1347204879952,1.10097635874541,1.604356038015255,1.6226024284182785,6.009472587390147,5.1422582131827,2.6308480910092356,1.3598022605484825,6.048183862591825,1.2719037062632752
TCGA-A2-A0ET,11.393571908723,0.554189703716884,1.13395739375916,1.18227136792935,0.538084666727023,0.113679939223976,0.128637945627067,7.08226021365371,4.92518336687877,5.29464316935669,0.07710624410597862,0.046979908144409395,2.482022174655147,7.9197083374607296,1.5055352920514629,0.09410091643886649,4.966891849203124,0.4365882936601177
TCGA-A2-A0EU,4.79319015625738,0.281498697833298,0.509011344027333,2.43322847031248,2.84198000415261,0.293067137470282,0.0,4.37287018278027,8.0863393062524,18.9413918322898,0.2467121005318611,0.1682569232085816,4.625206186298845,7.684004467689988,1.7089376396264442,1.027932528648503,4.002783517827627,1.2596039298069808
TCGA-A2-A0EV,31.2882587583538,1.35506985226265,1.05093946148051,1.03404332865928,2.12215428234649,0.489987851815671,0.875219680139715,3.50425794712311,2.0275359385476,11.9658412639951,0.22416378734166367,0.45037988007104107,4.000558936041479,6.443866856778828,2.2627338130541066,4.293326337414226,7.545485022363225,1.2774492147053833
TCGA-A2-A0EW,22.1551416665942,0.354927666089619,1.38839351735057,5.99201412751298,1.21440936730664,1.16221412229346,1.01606743625656,6.94196758675285,8.53914208415613,1.33271858933651,1.5501618944474305,3.4808984244042045,5.667829694117632,5.286596571777186,3.5148923338016744,2.766446750491438,6.330420362216825,1.086240275820744
TCGA-A2-A0EX,4.05645213400794,0.15065746087309,0.15065746087309,2.47831523136233,1.51034104525273,0.274949866093389,0.467038128706578,5.14871872533784,5.50653019491143,4.41426360358153,0.4318903482861805,0.4468914052920558,5.298793928388994,5.8315378032023535,2.256678579048384,0.5250665920782109,5.75633748328064,1.0453730710522997
TCGA-A2-A0EY,10.1326643887083,1.50661587990087,1.76556548425883,1.12323594617609,4.8527828453057,1.02570947180751,2.60967393482829,4.71826357031455,5.20253296028269,0.154697166239821,2.2271557477697526,0.12895322038600612,4.1647380159052,3.4392906810420176,2.548880462583219,7.597555010376593,6.134535160011601,1.8589756142920197
TCGA-A2-A0ST,2.30484114746267,0.179460913771902,0.376722942653399,2.53004700003917,0.777663959678243,3.44846461757773,0.608418946393843,4.28946772329312,5.16214040202707,1.58347865092855,1.0887522040105835,0.8974727872708786,3.6990629523093363,4.4648904040286155,3.5959332542251836,5.663657719671144,3.532666056774233,0.9982677263787629
TCGA-A2-A0SU,5.48733716062771,5.27190836839566,12.6696517997604,2.92251512480839,3.3615020976586,0.467439832201619,0.804809450225397,7.41400220813699,7.29612607653832,7.60910752940375,0.943583814552674,2.146361961616191,5.039366539316028,6.6298214136022935,2.1504946888485796,1.7293569900333179,6.022310104072632,1.7342652288104907
TCGA-A2-A0SV,34.6894075221102,4.17332438944507,9.41430624898782,1.30281240654956,3.25162515576582,0.10811721216179,0.786552718477019,5.29774339592768,4.73012803207829,4.27062988039069,0.4772628493491721,0.21760297658678796,4.393821163649873,5.328592357037414,2.7162885753277473,0.4896456880402872,6.7237210056854035,1.8091674567543314
TCGA-A2-A0SW,27.9579948901604,2.66886154214964,2.15196740948034,1.32564005453282,2.0394462377428,0.168781757606301,0.713806183209982,4.00153416991605,3.2455325473045,1.09004885120736,2.3345682756661326,0.09234276899544701,4.244438049345645,3.7035880142654016,2.233612007928471,9.170491949329396,7.146564602842111,1.0617761975866897
TCGA-A2-A0SX,2.5626168907367,0.545608126227067,0.304727942839585,7.83295921641943,1.68906345459656,1.87190022030031,0.116086835367461,2.75996451086139,3.06179028281678,0.623966740100103,0.8381046532853429,0.10326262660608464,6.189913489394981,3.8174800040833246,3.124874005759654,7.459623418750622,2.5716282744180696,1.6156517047922965
TCGA-A2-A0SY,48.2382042331503,0.392033417748783,0.153797725424523,3.36847175096455,0.765972985447623,0.895645577472221,2.21046534776814,3.39561252603946,5.52163990690787,4.76471384648521,1.167550616789962,1.1811661742699768,4.8701674144626255,5.838982011813966,2.595599136829893,0.7560839084974317,8.081327376253174,1.23621706410222
TCGA-A2-A0T0,12.4636592039055,1.95574187263242,0.244086349158493,1.03431590455911,3.03582396765875,1.61096990444605,0.0,4.09454850713372,5.40346155449613,1.0038051109143,0.1496495818949754,0.11556599592160316,4.163724135773829,3.0148729990401497,4.563810979153236,10.517489876573613,6.204985798347426,1.363451457071713
TCGA-A2-A0T1,1.3310244871049,4.71339259551266,10.0374905439323,2.42403047769222,3.20385423601957,0.173170983505832,0.0,2.46787599020862,3.37610446376255,1.76008414530107,1.225151511841273,0.10433665981473553,5.016875129151592,2.9382293252196927,2.612258124772064,9.052744369423232,4.6437811676820075,1.6612935558553066
TCGA-A2-A0T2,29.3167976327587,0.845447860246088,0.294857284352567,4.104192899035,1.98065015146853,1.2304640219544,0.158769551219923,3.62391500659473,3.19920645708144,0.353262251464328,0.27703255187479336,0.23401073310840065,5.20613134524532,2.5815681774813264,3.3218703859315397,5.226292725949309,6.9718044799747325,1.0080565548710585
TCGA-A2-A0T3,5.28229473099421,0.996476844857881,0.291062824272592,1.72851646875024,1.63499598816487,0.183816117012619,2.51215359917246,3.46348262581671,3.3796366777057,0.377306766499586,0.2912499129642299,0.18396283484259518,3.821710215034674,4.594470919003439,2.32334124369756,1.9099650667579684,4.556686907096634,1.1284913785104218
TCGA-A2-A0T4,20.926085913376,3.618193844806,3.48139120921359,3.87764711920538,0.745338497365511,0.188693290472281,2.83983402160783,6.87315310545285,8.21287546780605,1.63219696258523,0.4695734453043519,0.6760868343823209,5.023641261532327,5.426170808710463,3.130897931207493,1.6076735603490564,6.699514154390333,1.4978933412736732
TCGA-A2-A0T5,21.7351412802221,2.6521749157056,3.23672228377673,1.34946935257564,3.87137371196825,0.0,9.69680576863142,4.46928216273815,4.39579620789492,5.24422495926674,0.3181143436097735,1.13284002414397,4.025427518729593,5.630067591511097,1.92250234291858,6.30317615054871,7.0469679071647615,1.0661236424652936
TCGA-A2-A0T6,24.224162046389,0.115161217239786,0.204411160600621,5.42985139285592,2.10745027548809,0.155467643273711,0.385790077753284,7.04210843421293,6.71677799551053,1.26677338963765,1.258518924711301,0.5333639983398146,5.920900647971939,4.6932193022881705,2.550629826164451,0.16298339202346543,6.707676628108347,1.3632832356391549
TCGA-A2-A0T7,22.4159579403766,2.39892608479755,10.8947617858315,1.89662387209626,1.55598214164366,0.86026470910911,0.148463213308547,4.7603238433588,6.98892906293005,0.68705704955694,1.4873834430365063,0.4618428378840728,4.130206046433195,4.207728899707423,3.2484437540312023,8.761886603437139,7.974788552135629,1.3476089677593068
TCGA-A2-A0YC,18.7062895245116,0.298174268388398,0.241443929027164,1.11738004363734,0.422246127042854,0.185537868009679,6.44599140751591,4.81764863035597,4.66323681528046,4.63516193981218,0.107553970289646,0.9722515078258537,3.8734884078025074,6.811833200168144,2.17139900312265,0.2228045610452611,7.251167089897371,0.9014944550475747
TCGA-A2-A0YD,106.667094769934,0.1266078276201,1.59842382370377,6.78617956043737,2.79170259902321,0.835611662292662,4.75728912282527,5.29537239021069,4.84907979784984,1.38002532105909,1.1010449046671371,0.9865929673058969,5.533420068276312,5.625784810828497,3.024585638278273,6.267009485428662,8.450080832873285,2.2963399312365063
TCGA-A2-A0YE,2.19247406343383,0.488590835010643,0.0,0.701962781945671,2.62231030436092,0.896780646538522,0.0,1.77191486367784,1.9574556870996,0.194817864592851,0.36580449987198166,0.11982095212187471,2.7785870764619998,2.529970829136579,3.3927432984503736,0.6821237896197204,3.5174646801811273,1.0482361856528477
TCGA-A2-A0YF,19.6210351601504,0.999257406649209,7.24119408380043,2.11076016582614,5.91341369414326,0.435292952485546,0.695373647366847,9.77903412753691,12.2429565000966,1.69189336249099,2.4178390159217775,0.21175983301211862,4.364124146720622,6.029139222335166,1.8610819418748847,2.8794901299850197,9.470883546913498,1.3102819462521398
TCGA-A2-A0YG,21.5504439123988,1.56128720246513,8.59209445467962,1.05311663549575,3.09582858561608,0.448385637056397,0.892641719610685,5.55644396252044,6.74328969458708,1.21384831124623,1.4290535047666273,0.10500752476097375,3.5643659732891675,4.720803782040037,2.340505300673985,6.0137123648206545,7.129390184596112,1.3439194263681884
TCGA-A2-A0YH,5.17034512176708,3.32856344684801,15.8941540724886,1.36376200356603,0.889257182737641,0.0,0.0,2.3900983567652,1.73282130865477,4.53415717680457,0.2925461879503386,0.19836842310251937,4.275528588822265,5.065942760246591,2.1813570279852885,4.167229454071669,5.986565663961979,1.3144645158393768
TCGA-A2-A0YI,9.80259919603284,1.02591736815944,0.59684736967989,1.7107790965018,0.431820447187754,0.67110948480135,1.2129478803172,5.64392074923103,5.25885793008271,1.89780960865956,1.2010692178466638,3.4762520595478397,3.9992153212176342,6.015985884261171,2.3490255134820597,0.916400208238547,6.872077673292459,1.4602707607525003
TCGA-A2-A0YJ,5.55975928734231,1.11683802382269,0.0,6.11119806160476,1.37510681683168,3.02942313961903,0.0,4.27888567877066,3.3540041902925,0.659632457820274,0.5875570174296084,0.02176397429165667,6.212460393364288,2.7553362708157962,3.239443869778973,8.768879033538441,7.146018730391508,1.4310345303516139
TCGA-A2-A0YK,8.40103758754334,0.141431609217901,0.0,4.68138626511253,1.17388235650858,1.19156130766082,1.46028136517483,11.4418171857282,9.02687245833255,0.990021264525309,2.3001823099801157,0.4299640435169466,5.082796245670815,4.696166347338451,3.6306384460554395,6.637811636847134,6.814868253028902,1.3305010352704263
TCGA-A2-A0YL,8.63525098626745,0.126200233631969,1.96556863881791,4.46117825889009,2.8174202158337,0.795061471881402,3.06351067141604,5.9976661033593,6.95678787896227,0.990671834010953,0.8543148804666019,0.5280711645787354,5.035038795849192,5.448481425249115,2.7519349731318514,2.507896100897501,6.303830054633395,1.8925853151926533
TCGA-A2-A0YM,1.80056900098748,4.61616464468848,2.24776914502358,2.66554822695205,3.94536442863432,0.135119169835541,0.0,2.00357432953018,2.56551661578608,0.767889721009365,0.30836087519861305,0.0,6.008549635297605,3.282736320276342,2.8147964911821535,8.289840918936902,3.855919952077842,1.3796209620557085
TCGA-A2-A0YT,6.81402234258786,3.25415993635537,11.9538236819235,1.49422796024044,0.297823917251564,0.208155383068508,0.0,3.29701542278674,2.85131836390049,2.67989641817501,0.0901759497902069,0.01535483429346404,3.9362139010064086,4.7707180652223355,2.0751560779862817,2.5372960670908418,6.517031548391793,1.1937086733824231
TCGA-A2-A1FV,0.714817509445791,0.107088765460044,0.107088765460044,5.58200189960477,1.223489145381,0.514026074208209,0.556861580392227,9.42381136048384,8.95262079245965,3.51786594536243,0.4620523187964329,0.6092821799165693,4.642972990123033,7.54159382373692,2.3588463306050986,0.1536756497972376,2.672312184981682,1.0933573462947375
TCGA-A2-A1FW,20.3581517013257,0.137628013887541,0.701633011975699,1.82964300815201,0.250707507839157,0.655757007346519,0.0,3.84009144631315,3.68897048988762,1.91869642890278,0.6028369118035386,0.030971642412075527,3.508441329936973,4.712392182113046,2.542381880936548,0.4838802538141047,7.208074348123196,0.574149960509702
TCGA-A2-A1FX,28.7159863448725,1.22100786516398,1.86496406802443,1.94301936534085,0.936663567797025,0.167261351392326,0.914362054278048,3.08318424399854,4.09790310911198,5.26036950128865,0.10245657665073399,0.16195215892674233,4.428289816049175,6.652780453520202,1.8941386881996707,0.49825086752782544,5.526557141395905,0.9293365340068886
TCGA-A2-A1FZ,20.1893138249618,0.324360872832268,0.385001583837285,3.28732121584143,7.33195323945071,1.07461980543594,1.4300058828242,4.51001855352248,4.8061736180127,1.31577464366369,0.369494402007409,2.821036664103918,4.737010677681807,5.485320553308881,3.1436219851333145,0.4009750436730866,7.105967157776329,2.3599427850740784
TCGA-A2-A1G0,32.5781302893909,0.536092002543365,1.68658158103531,4.26163024493742,0.478868698901096,0.764985217112442,0.807149756638325,6.01447038808483,5.90905903927012,2.15942677428985,0.6729231273138592,0.35479064923107084,4.885110636167251,6.115665865206274,2.5046712353857394,0.5304703253991904,7.249073620977861,0.9184625654979722
TCGA-A2-A1G1,0.580434030318835,0.0,0.0955446963487795,1.84401263953144,1.82251508285297,0.363069846125362,0.155260131566767,2.72780108075765,2.90217015159418,0.425173898752069,0.38846509728315365,0.06695024392462703,4.635202974452128,3.6849421354285816,2.4735531527068697,0.28427721805512784,3.11503324294624,1.4892860226258766
TCGA-A2-A1G4,0.22649882308289,0.562593850883306,3.12958051248939,3.15149975343289,0.4919651856209,0.219192409435054,2.56698666160608,5.6064547391055,5.362907617511,1.10326846082311,1.0053281206952818,0.22613856056934262,4.654172000369318,5.3605433731360135,1.8080554895248493,0.5281712093096024,1.012139555403256,0.6859849867559025
TCGA-A2-A1G6,2.05822649559736,0.228318762970017,0.983785258091395,7.24912072429803,0.26861030937649,4.06273092931941,0.486856185744888,11.5670314475251,13.79649701535,0.20817298976678,1.1950325650114602,1.5744890818963178,5.202068956286427,4.6823485609905715,3.4554390145630505,1.3042189687163572,5.352472527875455,1.798880007411259
TCGA-A2-A259,5.11368306004025,0.75418691747268,1.04403130144257,3.73248584255106,0.638840683035682,0.564900789165811,0.118303830191793,4.31808980200044,4.00162705623739,1.89286128306869,0.39572091328595277,0.5874610073779385,5.56393602393689,6.554746925559079,2.5996034476029095,0.23695175858808054,4.7064697713058345,2.1049069149041815
TCGA-A2-A25A,11.5935951018482,0.498279745022007,0.646475014015621,7.12196394178007,2.8586652613116,0.964343127219315,2.77705047548903,7.09619085152031,7.43553653994047,1.91579970930875,1.9553128034447054,0.2873540850292068,5.845424814563258,5.461551477921207,3.170485940449364,4.288432393213399,6.5280727278310104,2.2451913930643084
TCGA-A2-A25B,18.1953587321919,0.510332118395145,1.64406086236481,1.65382756055708,0.302767643960252,0.130222642563549,1.07433680114928,5.99675269005145,5.08844975817069,8.2658822367213,1.1830100367622471,0.13842131042024963,3.7205958670089627,6.713357643562156,2.017102366971224,3.267925258175791,6.248650578020273,1.130469660712105
TCGA-A2-A25C,30.9103127310679,4.27901529464303,13.053400589838,0.972503476055234,2.70771192546614,0.924424652519919,0.46549042786464,7.76910080309293,6.07541497400798,0.592243689912288,2.5508760450681596,0.1715911532316011,4.219385392542762,5.966225104912679,2.6951252630324216,4.837620364915273,7.630529243908662,1.9904103444286914
TCGA-A2-A25D,13.4588070839602,0.645306419029062,6.30177225472879,2.44537169316276,1.47895585988,1.1177077688446,0.0,3.70819621652586,2.91468545245663,8.75949430997823,0.29148568597356145,0.16838530541475208,4.775598429707674,6.215729066757222,2.07155675141204,1.2397035354884782,5.5652864268193,1.220082260649247
TCGA-A2-A25E,8.1950392227378,0.508268129434734,1.03222354681498,2.81429945742565,1.24557066287401,0.298058470964813,0.429831689707151,4.27321723635869,3.79632368281499,4.32027910019524,0.14522093708562958,0.06887714085030783,4.3220579315984775,6.770517221099965,1.843702511179712,0.177343788281726,5.681055647114936,0.6594679370847859
TCGA-A2-A25F,0.666211712764939,0.159763320189056,0.0,4.84081892009056,1.51455324628576,1.16467227483367,0.0958578003978329,4.19138232239524,3.94454848637082,1.13831137972427,0.8122928448732711,0.16568687702987556,5.357865141019482,4.7068951861662125,3.4417357697988606,0.060600829554117094,3.151826352476936,2.0857305676291023
TCGA-A2-A3KC,7.91493087734025,1.32037095741805,1.91490263161458,2.98360067173471,0.99574936843958,1.84924882710208,1.10152494237639,5.92707957404512,3.97570260659026,1.17447361405694,0.6277935826824818,0.5418121695288947,4.776762001786231,4.648143274194169,3.1499096675349243,3.776735686999212,5.102607745325297,1.8975502328537885
TCGA-A2-A3KD,4.36761800321435,3.038475198615,8.81431544102728,2.2568054027751,0.720839461533287,0.302508035900068,9.06067829496904,3.96613779679075,2.76169717751994,1.24093881985477,2.036186802847846,1.3145805254117207,4.312374746775151,4.177774312626376,2.0193816753180753,3.068258061747285,7.3472546138983805,1.103531209877993
TCGA-A2-A3XS,7.92227561267117,8.7712079187042,1.79619653940579,12.7929837468993,2.09119232142499,0.698156684112105,0.0,2.83523723829564,2.87129227832021,0.131109236452978,0.4825385478454152,0.5936884087300691,6.494930766639674,2.701038867035766,3.316348516502053,11.049543645828328,5.042771267978031,1.1099622533988185
TCGA-A2-A3XT,59.6476042991086,12.5628729976816,0.145837663323004,1.81553009442923,1.27979990263044,0.940504114491209,0.0,4.21441084215048,2.81258350694365,0.764903662734939,0.48222874611038086,0.0959919129246028,4.823265324214048,3.078336571121179,3.843682413875369,4.668005629422959,7.193452423092688,0.7721390312213534
TCGA-A2-A3XU,0.755110890695755,0.0,0.0,1.61544215140649,8.34335639883506,0.204251306499671,0.123788670605861,2.44792096123091,2.20343833678433,0.813910509233539,0.12525433903146602,0.05436228844968911,4.329403495041544,2.59579007053066,2.7404526984687188,1.0943712105925172,3.1780134373153253,0.5366497540200345
TCGA-A2-A3XV,12.0072121615397,0.0,0.0,0.0,1.69683110879461,0.117631272706732,0.0,1.60272609062923,3.78772698115678,6.86084398062015,0.3234277180609325,0.07011450266132818,4.480045339940749,4.314479017546084,1.3613192015572162,10.455399764256915,8.18936054911712,1.1216785565882526
TCGA-A2-A3XW,5.88136396729045,0.293594658592599,0.252554545025892,3.04012533574917,2.81598317703869,0.77976215776744,0.394616476602956,3.70939488006778,4.27764260637604,9.57497418829411,0.5407216595680366,0.4296427425154578,4.833770548685457,4.631086816218492,1.8943715499612752,10.064130398675449,5.645488396905972,1.2693922789404062
TCGA-A2-A3XX,9.14661687042207,0.764247947561897,0.148857231309817,3.59896842238312,1.09917732697149,0.855592323764515,0.0,2.33232640570683,1.74467758546999,0.225316127966456,0.8704239058581924,0.12181115114198661,5.693068724407285,2.75648960675997,3.439343879233009,5.661535847155859,5.489006577779927,0.7462267611769378
TCGA-A2-A3XY,3.21161493347746,1.18957823072823,0.219197644999612,2.49737541606299,2.41117409499573,1.54177219966019,0.0,2.31512119437792,2.23138276819829,1.88904037881688,0.18789440479079594,0.383496944155365,5.8878054967842,3.6367870052182303,4.296670308486743,9.587652458589467,4.227078713236183,1.3614876521430679
TCGA-A2-A3XZ,13.53757289141,1.45139031725427,0.59955852834657,0.720780744460358,1.9395554578206,0.452126103343315,1.59882274225752,3.69236317730374,3.482681506188,2.15906595726989,2.375706740723043,0.17645043911909952,2.9976175871509763,4.480930728296067,2.4360285464755425,8.990839451519701,5.573462389521768,1.5293212253456978
TCGA-A2-A3Y0,9.15857547812642,2.19356455931885,0.236502917446776,0.496656126638231,3.06566906740384,0.304497506212725,5.13506959506313,2.7641278476592,3.55345633463782,2.07826938706355,0.42244831223346446,0.16375633339790888,3.440434010075082,3.398186169608922,2.638398262235854,11.682572287868,4.351479925134684,1.1884009246032101
TCGA-A2-A4RW,67.3530002693378,0.889882745094472,0.247189651415131,1.95279824617954,0.883703003809094,0.0,0.747748695530772,6.80389515520148,5.51232922655742,2.04549436546021,0.9814873677982615,0.9344787589068828,4.007635061654977,5.231482330485444,2.2876791394727802,1.2581570749374225,7.818187818895966,1.9686068956307583
TCGA-A2-A4RX,21.0549208033445,0.539774357842379,0.244486224423685,2.97458239715483,1.26317882618904,3.32966953262733,0.0,3.95252729484957,3.67893556751831,1.1409357139772,0.8128678364990805,0.3455099242513388,5.897356611100886,4.057224968880102,3.5108986417914205,8.046055540486435,6.635964744788088,3.1749017205847445
TCGA-A2-A4RY,54.9188278919676,0.388756283199504,0.19719507322071,4.49604766943218,2.16421592859729,1.43952403451118,0.843008938018534,8.0849980020491,6.56166606141911,2.28746284936023,1.2927228625141949,0.6628435174980628,4.93636468435112,4.842918508783338,3.370652537623519,4.45000368926292,6.810430250125754,1.4007018628877956
TCGA-A2-A4S0,2.16213803924766,0.0,0.824955411483521,0.932792720174178,1.19160226103175,0.377430580417297,0.0,6.06584861384942,4.58847748478743,0.251621105860256,0.2815498933666418,2.1411057604301305,2.8672441393280326,3.9299329882743823,1.9592879400416787,0.04460395064976797,4.779595924758736,0.751206609742853
TCGA-A2-A4S1,0.255795850518594,0.0,0.0,1.64988323584493,5.99841269466103,0.562750871140906,0.255795850518594,2.31495244719327,5.37171286089047,0.505196804774223,0.19685880136635595,0.8502393551659095,5.008908133424177,2.268943349363542,3.517414286075968,0.048375704538976265,1.1492593654996228,1.814632450698633
TCGA-A2-A4S2,158.941157275875,5.54890264717815,3.80117665270422,1.23818488821331,0.256986037860331,0.236867316820737,0.481233040561204,5.61514299099203,6.46098122738465,5.68647874586851,1.938022261873111,0.29030643542491436,3.9980961903142243,5.7974203000450135,2.427391629686718,1.6488335479067469,8.762596973462676,1.2071432049417485
TCGA-A2-A4S3,2.45006099069422,1.3259795562109,0.354685889521435,1.02586072661584,0.746706561444496,0.30011882959506,0.43107977341836,3.55777230719963,3.8306076068315,0.436536479410997,0.10043947928031165,0.0,4.387328072366118,3.7938334718965447,1.8024000401148392,0.6015063629231642,3.7653119600749263,0.7729835521381047
TCGA-A7-A0CD,20.7552922689696,2.52542467535562,1.4996514948622,1.34939739518429,1.01421517282588,0.127138084342846,0.375635249194772,5.1750979331372,4.96994329703852,5.17220843122032,0.09572192227332565,0.046421211248710355,4.500515269798867,6.644414404747917,1.5311693297586841,1.1796384349381324,7.7612274207689005,0.6371928869588478
TCGA-A7-A0CE,8.53219823476653,0.131113303646047,0.131113303646047,1.73397344071898,0.924348790704633,0.622788192318725,0.0,1.86508674436502,1.93719906137035,0.298282765794758,1.5886909442448258,1.618933496746418,4.676427926758959,3.4185850970894647,3.476762556417552,2.8931471392688266,5.869255747900002,1.0726198693506581
TCGA-A7-A0CG,14.7024858044989,0.329909437564366,0.29046374394254,3.53576853737462,2.47790675388019,0.706436513045437,5.91685404327396,8.15450066327575,7.1970460999096,0.55223971070557,1.8206078769989569,0.6168281666049326,5.056184651284177,4.981775037861158,2.93973434711047,6.22889947915611,8.025379345403689,1.3551290584841702
TCGA-A7-A0CH,35.7710611287763,3.39860613505845,5.7145074866235,1.60106537481843,2.18631120373379,0.167213093975816,2.97221274542012,4.38516338951576,4.55655681084097,2.92204881722738,1.151043117720672,1.0680377992359662,5.369144970382836,4.702478716759568,3.568169235387325,4.006856773678544,6.917385004623483,1.5103772368121282
TCGA-A7-A0CJ,0.15891363637882,0.182750681835643,0.69174152433882,0.576061931873222,0.493766916138086,0.313854431848169,2.79290715935776,2.18903534111824,4.23902125040502,2.83263556845246,0.05018822331147818,0.08420036167465528,3.0528853544782035,4.255281668579264,1.6058261676978025,0.18599337006996583,0.907198337725916,0.5808208357104129
TCGA-A7-A0D9,10.5645909702845,0.15022525375449,0.0,1.8402593584925,3.36504568410057,0.335797007464873,0.15022525375449,3.54907161994982,3.74436444983065,0.5370552821723,0.7992432809684692,0.27025329650885477,5.479463059004872,3.300879197087186,4.321631463269742,0.421862365216764,2.7832786798630162,1.4723412065790655
TCGA-A7-A0DA,9.41746807067067,3.95954480154806,0.204034514733555,4.56846030645602,6.6980705539875,6.93398546164817,0.0,3.64392891156959,4.10938264830552,0.258231182709656,0.18231091802569632,0.16645837172253314,5.561631630375841,2.5743679762660463,4.864240631678394,8.812774159294271,6.479097954465042,1.4593266915460195
TCGA-A7-A0DB,14.0869044981069,0.257687277404394,2.17342299628958,0.301936607867775,1.84545737050217,0.217993025076949,0.497154242265043,0.50236004584897,0.184806027229414,0.296923419016453,1.2057382025297814,0.42619671250913865,5.3715061819482735,4.604072227322324,3.450623104886635,1.9605333111491625,5.321770978761779,1.7346081640835473
TCGA-A7-A0DC,30.6378766879738,0.780933958610923,0.80849633362072,3.47056238665031,0.395060708473761,0.223478492816937,0.243467645919876,0.372092062632263,0.0,5.0806644601393,0.547700010390579,0.2425819817416337,5.017244849003656,6.589532082830097,2.5914254964727985,0.14654600993871994,4.215552799789939,1.010775016927708
TCGA-A7-A13D,6.19852996092556,0.10466070005784,0.0,1.02829137806827,2.96713084663976,0.52853653529209,0.0,0.0,0.0,0.10466070005784,0.8986347683893064,0.1853006294328765,5.642036230506038,3.6118633183387403,3.885755752878123,0.604664106127282,5.3572994403630245,1.7955161711533885
TCGA-A7-A13E,1.32383337942157,0.0,0.372092411900092,6.73166657164369,0.104650860033326,0.635753974702455,0.0,0.293022408093312,1.05958995783742,0.0,0.8033309187707699,0.2604109169248728,6.549002791693195,3.92635268895879,4.2458932928230775,3.7484933440769965,3.066401288652484,1.5789083718689454
TCGA-A7-A13F,15.1013501627396,0.803646116682728,4.21014607396474,3.46647354807923,1.39938378526843,0.319859150918499,1.50333800931694,3.7703397414518,2.55487496796151,4.71792247604786,1.1737666085265328,0.290371024076824,5.750111158107558,4.758090439173941,3.8406262671524556,1.3689443071414575,5.6251549734295985,1.5115443712286454
TCGA-A7-A13G,278.577245839729,0.480409663797615,2.53908825513547,1.61676329162659,0.258682126660254,0.57741546129521,1.30110950611854,1.52437681781936,0.0794197242534757,0.931563610889606,1.5508606619021368,1.072833008123593,4.7513349467825305,4.853418119502099,3.3020675307061342,0.5357090681186565,5.279495987946745,1.0652432349058492
TCGA-A7-A13H,89.7232361959836,0.317816071842562,0.43400689380651,1.83513151160705,1.12773444847361,0.334902957425496,4.57928533622617,6.23329586065412,6.2913912716361,1.44896789743276,0.5899551945184317,1.4150555328541454,4.480950110283993,4.670930954583321,2.616616474267032,1.221877081077034,8.166619549952891,1.0441142968214003
TCGA-A7-A26E,4.6508501810109,0.0932968943031274,0.695061862558299,1.00760645847378,0.309352909161367,0.391846956073135,1.04259279383745,0.186593788606255,0.550451676388452,0.937633787746431,1.458379639940833,0.09792575428782219,4.840140736736691,6.4021153654925484,2.1318336435083847,0.41158934504781874,6.668285048475203,0.9292883157884996
TCGA-A7-A26F,0.297333719338575,0.38715328038877,0.506912695122363,1.46498801299111,1.43917779429852,0.0412963499081354,0.0,0.264296639412067,0.105305692265745,0.314884668049533,1.3352716579205575,0.32274237694609764,5.03970997688093,4.983921144010642,2.7893231550730917,5.707840997960875,4.405260481786958,2.750069023541572
TCGA-A7-A26G,2.94461847305281,0.0,0.111820954672891,1.75652082965334,3.2404780822915,1.72390638454041,0.0,4.48448620302742,4.12106810034052,0.330803657573971,2.420644084842867,0.1474369588174809,4.4151163945066205,3.830032167912891,4.2145134100800155,2.337539842197424,5.6603097202561194,2.1276002657316413
TCGA-A7-A26H,55.1553286139031,4.83649293171844,12.9716395502315,1.60909935941203,3.34003052746525,0.441352967153013,1.33325375494139,4.82729807823608,3.89172173640652,4.20204804143598,0.22564512061895256,0.17069423368708325,4.404943983397312,6.350774797739025,2.2768539452461667,8.250814758203834,8.239556524613288,1.0664681172982116
TCGA-A7-A26I,0.14918979460944,2.64252423701971,0.558529293569091,0.390690774633471,1.51147910663689,0.659232404930463,0.03729744865236,0.627529573575957,0.439177457881539,0.209798148669525,0.7005758875045514,0.15777184129936095,4.137180242499459,3.8239333518793543,4.0161562220794105,2.5353858665426343,1.6949850521444247,1.6603844990579213
TCGA-A7-A26J,5.23909873551702,13.7072782562032,26.7958886497669,0.61803301021677,0.0,0.0,0.313249550703559,1.232114899434,0.0,0.597784559259292,1.395906260066808,0.15863877654851888,3.9548897416748474,6.683549305320617,2.2470156921987563,3.787469512004507,5.921288645503207,0.9460822160673992
TCGA-A7-A2KD,17.5997168590373,1.98639471778748,1.24376871871922,0.978916089680887,1.16067769784445,0.103863776093463,7.69630580852559,6.43436092899002,6.21624699919375,3.44048758309595,0.18827431132120426,0.26074832839644746,3.8620645047582394,5.666268037622853,1.729922505442014,5.305510944315985,5.1235792944679925,1.035412768177418
TCGA-A7-A3IY,0.968106190331777,0.32458370812873,0.225797362176508,2.09427053418711,2.81964456017914,1.11769694277371,1.0245555308759,5.06068337978098,6.63844244798933,1.21648328872594,0.1924466937350469,1.243181601644472,4.960780429671139,4.505909979274625,2.132149070350988,3.2285724495290755,4.684947744172144,1.1705660567920686
TCGA-A7-A3IZ,0.328289458000061,1.07624791385587,0.714114181835185,6.01751192086711,1.01532822061875,0.1353770960825,0.1353770960825,5.95997665503204,5.86521268777429,6.40333664470223,0.8928961236262115,0.20951575109266346,5.505979825453148,7.54496288773348,1.0969364825029573,0.44148347958264483,1.1287553062570328,0.7014159813169624
TCGA-A7-A3J0,3.83042547389068,0.382003083217048,0.197498192683644,0.485949500418966,0.444370933538199,0.311839251605754,0.0,6.98260057553884,5.20251818095599,1.17459451438167,1.437866900870151,0.05422334733715443,2.567545447643747,4.024922449414317,1.0147123515213723,0.6652108308132765,5.298984497841127,0.4843959625026663
TCGA-A7-A3J1,22.9074176906459,1.18140928709742,0.945669360543581,2.69881571089228,1.01883002740512,0.200514420287178,5.310922483282,5.78511199071789,5.70653201519995,2.85055635327177,0.7458826889022593,2.5053320311528298,4.288926963606818,5.613092530619391,2.416650612188958,0.7053144410863783,6.739837304043338,1.1441116484584133
TCGA-A7-A3RF,2.69590421551883,0.568919834450017,0.798427267665649,0.203647440740631,0.755906975038629,0.374969890887511,0.0,4.179621283772,4.45761620287826,1.61301703062817,0.03506079690511427,0.2197106395487792,2.568591557598408,3.9805920272675515,2.3946787611343003,0.14756720709463242,5.6559957451779805,0.7020368959126836
TCGA-A7-A425,246.235268965228,10.214417613278,2.58459032398791,1.55294143585169,0.823860949536344,0.9405138273468,1.3014086680729,4.99055592882856,5.88367952456487,2.24556789785127,2.1547776117808164,0.7011497932339987,4.308215235222224,4.571901265665591,3.0070698881586946,8.987018661985475,9.070252995356096,1.101986172785737
TCGA-A7-A426,98.4687941992989,0.371264340992396,0.248440047731754,2.07405567937857,0.91001635461294,2.18850558900781,3.20459746961857,5.47405543372999,7.95287298862658,4.87947419590006,1.3059121701566208,0.7116711029181245,4.857513287136859,5.406825751667176,2.831228693174058,3.241657166243129,7.479842496590563,1.5598343973030646
TCGA-A7-A4SA,1.13617535078882,1.33046917146579,1.65668918144577,0.940283048928681,1.88056609785736,0.223876916411591,0.0,4.94208292978586,2.93838452790213,3.07830760065937,0.33250744595803683,0.3002994736656383,4.089286273345237,5.685127212454045,2.529696032459533,2.3358262239404963,2.5356299793661035,0.9341012777982405
TCGA-A7-A4SB,65.5759177950452,0.0,0.0,4.64082550050333,2.50786439723018,0.803966185869752,1.79090398645469,3.83685931463358,4.06418768443123,0.593271599228024,0.3406192351293957,2.246377682394048,4.387514192320908,5.3880069495824445,2.2940178153102173,0.9297152637076669,6.323442129950917,1.3295254851966554
TCGA-A7-A4SC,36.0801454370995,0.355578889432455,0.282847449967106,1.85567732922563,4.70586436483265,0.326410308658699,1.75011484642537,5.83371615475122,4.43362427761093,1.10007218918166,0.44381879691249276,3.191183609220039,4.829200099458554,4.410300395940404,2.5962672942592975,0.7651103618795848,7.6315517802732895,1.41635335823427
TCGA-A7-A4SD,13.4676487401832,0.0,0.480291788064517,1.47565714975291,0.296042329425739,3.10616721028236,0.0,1.45743916024979,1.86278942669426,0.678620108991308,0.5656946519558053,0.08106688049188852,5.653123090628205,3.775071617955091,3.4224617681384872,3.841862447698803,5.966010481511129,1.6119277672153374
TCGA-A7-A4SE,19.0050866213489,0.27897374857026,0.0,1.58085124189814,1.84820108427797,1.22051014999489,0.0,3.58597505974688,3.29537740498619,1.34837311808959,1.0907179597677998,0.1526377396511124,4.726062810014861,3.754064396898917,3.8588165212980736,4.906380753283289,5.673796664720019,1.9376080460020824
TCGA-A7-A4SF,6.28224549251947,4.61677690191002,5.56584907670585,0.293906221872256,2.78598606149743,0.244921851560213,0.844980387882736,4.55554643901997,5.63320258588491,1.151132702333,0.8660771263092997,0.2703495287331028,3.0998337997207215,4.0461330485974605,1.1515990822693967,4.8918371578758295,4.855292093227177,1.2211965499445465
TCGA-A7-A56D,22.8238992553676,0.749171669158186,0.608637313476469,0.0,7.19075535679861,0.392669234500948,4.84455668065544,0.589003851751422,0.936796882787428,3.98559273018462,0.02233230009805639,1.1578198394788628,2.528246238305167,2.4621570478473944,2.10010302202911,8.4462305854264,9.21134882524674,1.2751858829079317
TCGA-A7-A5ZV,6.8959933526331,0.0,0.0,3.15634794559254,2.16419712331648,0.255977092698483,0.0,0.252943945898953,1.13388665402979,0.21805512577496,0.06584800336608129,0.15224833075742006,4.992940601435935,1.9880847644319581,2.7397185134924595,0.22650852980867975,5.112871077814021,2.457856910413769
TCGA-A7-A5ZW,13.8904276517491,0.174997513722824,0.174997513722824,2.50683938407945,3.16308006054004,0.51186772763926,2.55058876251016,9.93985877945639,8.18550870438508,1.76747488860052,0.6903723947612379,2.3459924072282474,5.170866453459057,5.848239839952567,2.4288123835789053,1.9787813767627345,6.560993074378445,1.5371469436175693
TCGA-A7-A5ZX,46.4653622486694,1.03436642282066,0.819380460430487,2.16202864064084,0.693633954126798,0.653070564996576,2.75425412194208,9.51211475103709,10.4450727010322,2.02005677868506,0.59598097896562,0.9822178463155835,4.8575182635518095,4.708689387520912,2.49208390907169,3.291824542183695,7.364863918289687,0.9017261326501211
TCGA-A7-A6VV,13.3073425393422,0.935979528941652,0.281712690494876,3.33665984744848,1.36824488391089,2.88295984677829,0.0,2.62217165741669,1.71119921512615,0.439410236869554,0.5294711598762631,0.24659050290518097,5.404269624700882,3.1747259877061333,4.238481171474756,8.817009853835847,7.0371383841789035,1.7675700559517402
TCGA-A7-A6VW,5.66206160371315,2.35818628271209,0.189137807657795,1.94369278933437,2.88535761894977,1.33201307095171,0.160968346942805,1.37627936636098,3.12278593069041,1.60968346942805,1.1861201836806388,0.24744147114440773,5.533569577454263,3.054917919128958,3.4126460546551622,6.8751128589071335,5.217808454184343,1.00504061670053
TCGA-A7-A6VX,28.5211088334867,1.50761493833855,2.02662991711084,0.424274149313854,1.62295160028795,0.321294986859035,0.0,5.18191145472649,4.86061646786745,2.10901324707469,0.5608127609923219,2.676086834382321,4.693682091457446,4.280555509538747,2.1464923069771897,0.6182386555954549,7.589044356767767,0.8491185665532759
TCGA-A7-A6VY,13.6296147474681,1.54779171741043,0.0,0.306973305123154,7.78742805628213,1.0921787066487,0.0,2.89847425995231,4.33640184710814,0.449150414864405,0.6189903529113476,0.17657809430131693,5.036912083382016,3.380327720570454,3.8940222432227407,1.9935656800645276,6.385784764738724,1.6559928839623106
TCGA-A8-A06N,10.3234445613769,1.17362676369053,0.552163448822022,3.35769028392987,0.473921664575987,0.131893293443317,0.0,6.26157821923273,5.69823737266127,12.4516210928691,0.06087747289933462,0.024745190197137796,5.210731728744686,7.380163187621154,0.9961717835115194,0.09234276899544701,4.9758456757387615,0.33422500841443065
TCGA-A8-A06O,2.92317539817051,14.1733365340749,31.3601628452546,2.39935200035211,0.276256030667391,0.550917711498664,1.64974265519819,3.64870090894197,4.04307369695468,1.33665280822627,0.15419432499278973,0.23192387329376324,4.71232614405,4.495413758488912,2.212631589720954,0.21387604338294247,4.603739085900339,0.6710215675934877
TCGA-A8-A06P,19.926096108692,1.581238179231,2.75079304552611,3.14064466762448,0.994901339595045,0.389851622098372,0.94811914494324,3.95465485456588,3.879803343123,11.199657399642,0.24999136835819502,0.26447638000770035,4.697668192978268,5.590212761408359,2.4897484331203352,2.5198689521857336,6.406300260546549,1.478195257939166
TCGA-A8-A06Q,17.8253874445172,15.2512705597915,22.561960902924,0.359582801816221,6.97094659245102,0.0,0.344703513465205,2.80474585416653,2.56419735915843,0.374462090167238,0.1080894918402974,3.6589426438404153,1.6108890078544882,4.1073112466274875,1.439569949662739,0.4108837771955805,6.963503023826469,0.934856141273441
TCGA-A8-A06R,25.1183224098406,5.69191931613366,3.19016126862948,0.134322579731768,7.636238657751,0.755564510991194,0.0,2.38758385473217,2.97860320555195,0.0,0.8610819418748846,0.0,4.193440595057344,4.704750259587978,3.1174124595161796,9.83023234447151,5.654696169400194,1.652784754908756
TCGA-A8-A06T,36.3576011412421,9.36745440749258,7.21590940381201,1.49285368511337,0.561507353532697,0.618197999802824,0.448126060992441,3.64169913420965,5.3073243127177,9.6239120930003,0.16992500144231237,0.8437427049485275,3.6886279834868527,7.756709757074257,2.379121865152036,0.5865966292694662,7.0473442540000715,0.5245652210771998
TCGA-A8-A06U,0.581184905837584,1.2749743871812,2.02324995344709,0.515801603930856,0.326916509533641,0.392299811440369,1.60552330237633,2.48456547245567,3.38903448216541,2.40828495356449,0.11676397129772323,0.1016500760944348,3.2224800108764176,4.319148230454879,2.814940011306285,1.8070663541916776,1.7612427153580794,0.6759062378945231
TCGA-A8-A06X,5.92148733689422,28.9375620375513,25.6393242721827,1.1505480576867,10.3856138007186,0.20454187692208,0.0,2.56188700844905,3.5692557522903,0.466774790230033,0.14064779315484202,0.10849100259224341,3.5948590299722283,3.9288819270893445,2.319271090818063,4.828392940517046,5.46367803458777,1.11623166060415
TCGA-A8-A06Y,24.9636256737507,1.15146639079189,0.898806499287193,0.807683259728122,6.43661428521796,0.0,1.92187196160948,2.44790157179139,4.75497631880966,4.09640381472366,0.03576465360097467,0.6396952333995822,3.1686259912632093,6.826259919424989,2.0036741897507517,0.19673292822219499,6.734866750283458,1.246712100531861
TCGA-A8-A06Z,16.7665110571712,1.91297297639753,4.64644451734311,0.329113630347963,0.345112209600989,0.0914204528744341,0.0,4.26247861527049,3.9699331660723,1.6112854819119,0.25652762689220926,0.024745190197137796,2.8524383725176485,4.088031320808722,0.730574747887632,1.8150015155605295,6.998279010931152,0.5807243763087195
TCGA-A8-A075,20.4394259674815,1.51557648330305,10.289234840773,0.580507506219286,3.31966867328993,0.187709013987075,0.882927584309573,3.71941935122537,2.32550611772876,2.36721923194811,0.3918776772778661,0.219338922698467,4.183200646725427,3.965627310902111,2.5737622955763233,2.9308319374147866,7.301977165570994,1.544979883255804
TCGA-A8-A076,8.98010886513042,0.313392124100364,0.481484263390559,1.27636065088148,2.57266443693299,0.184089952519726,1.39317044259162,4.77210734425554,5.90316801032685,1.83191941633213,1.5629628285152903,0.2037649660186562,4.180879846348689,4.399943515154938,2.6597419272177696,8.17463461812111,6.696847934026044,2.005256250067778
TCGA-A8-A079,0.122929917051932,19.3215097126374,20.6061273458301,0.630015824891152,0.28888530507204,0.122929917051932,1.36144883135015,1.79785003688451,1.37374182305534,5.6209704571996,0.13724119171159266,0.08338358771008252,3.4717467377816753,5.046962452141011,1.4549654736347122,1.8404028055866006,0.41510963222757946,0.46613112876218804
TCGA-A8-A07B,3.18777979745582,4.33361769700215,1.76282753776359,4.79635992566509,0.0,0.0,4.26016654959533,1.50574852183973,0.925484457325882,2.8675327947621,0.1190241031422746,0.7280511078204291,4.723531258128185,3.4309944014267852,1.476174277145156,0.0,3.8979373984200465,2.285461405137036
TCGA-A8-A07C,0.262436689005641,0.906149322415703,0.297098138496952,0.690753172005413,1.55233777364657,1.19582000745023,0.0,5.36509721769079,2.64912506826449,0.138645797965244,0.5328655031063249,0.013640910669386311,3.097425391659145,3.5539379573187895,3.244217298388562,7.862487346666623,1.0986890440913284,0.7480317955724115
TCGA-A8-A07E,5.38034781509088,2.13598694315461,7.23227912825622,8.12621890498716,5.08793760774898,1.62357286552691,0.877230622025687,7.30468546531231,4.7760333865843,0.570896119096082,1.0974759590132686,0.17274351676018718,5.616751725732738,3.811779265771023,2.9989536667537053,9.39308944446104,6.95544067978351,1.9992784720825407
TCGA-A8-A07F,27.8205767804609,0.491899233797399,0.735021843605309,1.05164663777375,0.521908479467549,0.113080283631586,0.624768567064512,3.41785157276469,4.39034201199633,1.93649985719091,2.2006298979830743,0.15380533607903546,4.4239949192295205,5.554631824932448,2.225182367338176,1.2057052924035687,7.576946086477813,1.285461405137036
TCGA-A8-A07G,28.4681268339718,3.8680176574372,3.92840825318173,0.821312102125618,1.51882348297495,0.495202885105152,0.23552332340367,3.9827597893518,3.8800957765861,1.65168279361292,0.21387604338294247,1.1933932819462179,4.288432393213399,4.697284536674244,2.7467642098822336,4.270125230292932,7.450333686483124,1.2492025959473552
TCGA-A8-A07I,82.1143612117326,0.169552676464449,0.258567831608285,3.0985751623878,2.7933803447518,0.0,1.16567465069309,4.95517696967352,3.22150085282453,1.01731605878669,0.45111877639494635,0.09098888841477233,4.705209365174042,4.133695032513075,2.980262987065218,0.7411433549553162,7.4802012917287755,1.7300529775235762
TCGA-A8-A07J,6.17343384163568,0.0,0.193524571838109,5.29289703977229,1.99330308993253,0.0,0.632877601545013,5.26870646829252,4.85746675313654,1.71753057506322,0.3704991032023453,3.577658432430245,5.739024473202845,4.631005304734664,3.086868668012969,0.038576651452323155,6.029331404513194,1.3079530462090736
TCGA-A8-A07L,10.4692349620815,3.27698464923463,1.3942339476069,1.76151296705322,0.977033508041663,0.984165139487223,0.142632628911192,5.39507918856583,5.49135621308088,9.92366515649617,0.21958674457331648,0.21859520155085696,3.869555597050224,6.916157735371619,2.762752756226597,0.9995671265534694,7.04876476015368,0.7938542757473095
TCGA-A8-A07O,41.9580953327143,0.730049774319212,1.58133525123295,2.16642929418914,1.95558459402475,0.542925102923313,0.0,1.40211725609322,2.05837138535489,0.260627242320208,0.20263712618983767,0.05907834220125303,5.240669234456438,2.960530244108926,3.1804025068286492,7.326278468148668,8.036335734886615,0.8899407365251172
TCGA-A8-A07P,7.07966229091436,11.0069703150023,4.96495797025163,1.79618519161881,0.870181125738546,0.551661996694625,1.07048696977648,5.4213925984692,5.09958976706401,5.2604911827666,0.07272323102162045,0.1194225826478845,5.806762264879664,5.869118778316564,1.9680538775793595,4.99945437777446,6.420827640150837,0.6690267655096306
TCGA-A8-A07R,3.18341256224767,8.70657711370917,2.03603418292165,2.06696840393289,0.347390177075468,3.93145827033767,0.0,1.34423251303391,2.23288831662955,0.140610095505639,0.3174198498347019,0.16182320294534797,4.793245639133675,2.541415715819093,4.145538884610528,5.346783188364723,4.776930405058128,0.6792436188890716
TCGA-A8-A07S,7.96355599782145,7.46416912504836,11.8787490803624,1.37164927721674,1.39828324376464,0.143413256273811,0.875591650262141,3.06290615300825,4.9006498448132,5.97932549000306,0.02431967919541289,0.09058247636244234,3.51689764498078,6.07077571231746,1.4269624477585525,5.800648862082359,6.9190337275233835,0.6047355697611835
TCGA-A8-A07U,4.49099577148767,0.821728128464884,0.134159694443246,3.26343456733197,1.52271253193085,0.362231174996765,0.0,2.7234417971979,2.3679186069233,0.134159694443246,0.8911858480244973,0.08133962745193878,4.866893145698439,3.314653026657578,3.30729736513571,6.056503328245832,5.97654923100256,1.3656925371975326
TCGA-A8-A07W,1.80768923859355,8.48322735539971,10.7525229531341,1.11366569163352,0.907072635794261,0.129120659899539,0.0,2.75349807235767,2.36613609265905,1.28152254950292,0.07614859718008292,0.21175983301211862,4.305853816968719,3.506817715943953,2.547227707095679,7.771440608520785,3.2639658456359633,1.004537346803506
TCGA-A8-A07Z,7.53302666043878,2.97889874149857,2.44862357285484,0.795412752965586,1.55963284895213,0.207951046526951,1.49204875883087,5.43791986667976,5.29235413411089,15.85626729768,0.05588975819628299,1.5193406076559823,2.9382293252196927,7.927705677398814,1.2987169605124262,0.9423080561561847,7.306083568997647,0.6901041610445797
TCGA-A8-A081,3.58903075302018,2.44310450544874,4.1427669263433,1.86629599157049,0.784459578874411,0.182015131046024,2.91480569013139,5.96291823680353,7.53440098794737,0.707551777023979,2.238817424836234,0.18103892443166827,4.406604694584131,5.2164160616363455,1.2306948971219156,7.425110136760606,5.406441430685857,0.8592539848232588
TCGA-A8-A082,5.64902602125048,2.87022996998089,2.22224176346166,3.0252700930131,1.45499192384073,0.318031021604531,2.31367568217296,4.07874785207811,3.03719625632327,4.26559107727077,0.7199281477324523,0.20000206602186751,4.1301566133929395,6.01799092416474,2.009383006266306,0.6063474667245725,5.368331843371326,0.9014172209116916
TCGA-A8-A083,30.8175355940839,5.97909969217083,6.40052157208259,0.74102370830121,0.458190231850367,0.19798343351559,0.296975150273386,4.71483405243556,5.09948758040871,1.53295744236357,0.057276965073247615,0.19345636574958547,3.3537749449322236,4.642516747179245,0.9396779371147943,3.577658432430245,6.968034287635998,0.31057279459715426
TCGA-A8-A084,70.1677649478162,1.37800308745779,1.55310845216237,0.90597993042805,3.93225742912679,0.0,7.40391161631327,8.17665920403131,7.65134310991757,0.350210729409162,3.0140517237181057,0.33651191551276205,3.752309722757728,4.809059386433409,2.125088989059263,9.081215512670177,8.684715313590285,1.8440642147923874
TCGA-A8-A085,0.167862737021652,0.497228870004069,0.183758495436286,1.71868239849233,5.11497176708534,0.0864745860876642,0.0,5.13442854895506,4.89013784325741,2.71314013850046,0.03365205248999707,0.057970068637329945,4.5680442690963945,6.752324443077417,1.4636224568518934,0.499067737839628,1.1867540845831823,1.2190290854786927
TCGA-A8-A086,2.88747190031649,4.12084313119021,2.64252667923176,2.01431422986151,1.21319927149026,0.247826929568082,1.12962972547312,3.61366243812064,4.37731518620834,3.4378782206363,0.048375704538976265,0.38216920876824934,4.36199990181216,4.451877071013031,2.015497569395326,1.0875307311842775,4.298130403730526,0.9869569625244011
TCGA-A8-A08A,10.8583856867603,0.712684351705912,1.14029496272946,0.760196641819639,3.96910362026985,0.146191661888392,1.3778564132981,6.7101972806772,4.65620443114529,3.99834195264753,1.2798278394408835,3.982035261357941,4.336968862239486,5.134594710383902,1.7504350004320512,2.462994606675499,7.911165453454435,1.243730004302143
TCGA-A8-A08B,24.1720432441245,5.33914299388981,8.68300802994488,2.08202917339278,6.97952961535079,0.0,9.73979556492455,2.32292625793364,3.55679983787933,0.0,0.9931308714292625,0.17810907609432516,3.5408332268441223,4.003503295348317,1.3338816594680902,3.6017321674829867,6.979110755015785,1.7474303683364603
TCGA-A8-A08C,24.4714992334035,0.0,0.132272019038372,0.452937961657901,3.97043489793734,0.0,0.0,3.51749693627944,3.44361343898773,3.07740827849836,0.11343380260404853,1.0918690553018495,2.9927503063455183,6.021792839983,1.8117998124457735,0.02842770457266734,8.516796027627613,1.0366791542304479
TCGA-A8-A08F,10.310003239403,27.6308086816001,61.1469108790261,2.79229254400498,0.910716952813933,0.494020988554728,2.13073400280996,4.45048473167564,1.88157559119105,1.91164643397264,0.19811692915245535,0.06777637204849275,4.9016440844207425,4.049813706583545,2.6257146868806434,6.122505001988642,5.385948657855972,1.0792927672728536
TCGA-A8-A08G,8.73220665996099,40.3993772919254,63.3261803231252,1.70835694157492,1.39280056383178,0.198582892890078,7.9405954020019,4.5429237140607,6.68653083183305,5.43790688886667,0.2740528840782579,0.10232219119668602,3.9954212017182726,7.115275711564751,2.287383638459726,5.992306186830889,5.565502739599906,0.746828690274403
TCGA-A8-A08H,4.82372407943293,2.11353067243446,1.80679560466565,5.945618094423,1.90764001050745,1.73116230028429,0.336148019472678,2.92868961965571,4.38252980387504,1.85721780758655,0.42556672407525103,0.2332745389909343,5.6907606864697735,4.904291404560562,3.4194310224314592,0.5963627200648611,3.42523101217197,2.0830771782183524
TCGA-A8-A08I,8.06606842965575,0.0785974999235639,0.0785974999235639,0.560007186955393,0.732921686787234,1.05713637397193,0.774185374247105,2.72536830984958,3.54671218405082,0.925485561599965,0.548239319575263,0.6547104882859716,3.97702342158069,4.03425974222474,2.7188547709187123,0.06956469509335926,5.134664524931602,0.47995483169067105
TCGA-A8-A08J,6.04035116990109,3.30751390327055,5.06902272427583,2.12068171890529,2.84215075729575,0.164907208774962,0.396651808985232,2.91398533687576,4.36629314142798,0.377912353442622,0.4388251131756246,0.12895322038600612,4.616322405590461,4.044280447998423,2.0088812491545647,3.2692426512692854,5.195170400549644,1.401248172740162
TCGA-A8-A08L,3.21039792105573,4.48386624429527,0.773514092634388,0.861556347080578,1.44955283213192,0.311292256791888,0.974753531368537,4.73541554271296,5.35485569006651,0.971609165138316,1.7408412334252987,0.0506061736907874,3.5144631631387178,3.5848903641656826,2.5174016872746274,7.338705188830396,4.490422516195609,1.1249897699786635
TCGA-A8-A08O,35.8277758123706,2.04866271267544,2.38649715578049,1.67184737228905,0.476433188994289,0.796942788863175,0.528407718702757,3.85044640923567,5.80815369492129,3.80713430114528,0.44530294213651317,0.07107616201095888,4.413715926507122,7.267805435494226,2.5930190555922144,2.0295235610939404,6.127777707068536,1.1234675556511255
TCGA-A8-A08P,27.2790839944031,11.8281707527752,10.7764068043985,1.29383660316172,1.00167995083488,0.0,1.26044727146722,2.12856989552411,7.16201164846937,1.61520892072124,0.06515867512854683,0.0,4.4431225779110095,4.174606157560221,2.669185543962018,5.265939411307292,6.26991398404356,1.2995377395727818
TCGA-A8-A08R,11.004092923101,3.61067462621802,1.24056230431934,4.20736566744544,0.685500870619409,6.35267810869566,0.0,2.77530716849963,3.36644759539006,0.652197184597414,0.5879409937552202,0.032524065692199365,5.6864360947037635,3.3388664977724973,3.9048308810708727,0.9182335602263115,4.99884989408308,0.9640658774864184
TCGA-A8-A08S,20.5381196131688,12.8571019983617,14.2714123792202,2.01794388361675,1.03813298058897,0.521982594172542,0.242036621878888,7.89389319790543,6.89950177548734,3.26020413566984,0.3022898018932747,0.6918914445250105,5.027185021685557,4.308120561352827,1.749834574412729,8.083641538299865,6.7092382433236875,0.980537192445043
TCGA-A8-A08T,37.5512508719951,3.62910145949385,3.60699205112443,0.991764889713723,1.75927720882339,0.4453466542982,0.221094083694142,4.88617924964054,5.47681630179489,2.64997051741979,0.23952024689811735,0.07052672087668244,4.3683772461200165,6.15324192661221,1.7047834528430308,0.32031137090704137,7.497141289340588,1.1959144849835766
TCGA-A8-A08X,6.62142901842496,0.88539901781882,0.377035945386962,7.74406413671198,2.58417895152861,0.741362813963127,0.0,1.69454357477286,1.57592552453876,0.898108094629617,1.4412178632621138,0.19080446812700091,5.6783592883901965,2.7723924394085833,2.9037517262447614,8.31853693497329,5.5217229163894865,1.4460444425960406
TCGA-A8-A08Z,38.9193070649489,9.31427690775066,12.8605231104527,2.39396452339272,3.79789392576964,1.33108400885736,1.92709177401738,3.04295075656696,3.14559653834452,3.94027355855787,1.5126820033395472,0.24938465863022036,4.813965844364722,5.930257147668987,3.0213375829656948,3.0263751540664767,6.850725676605736,1.8859647567539706
TCGA-A8-A090,34.6458932204307,6.47696848104585,6.63791133421123,2.28852886330287,0.749758169624095,0.302404555313955,0.549560962028132,5.72721031142175,5.62122355445918,9.34646178992131,0.11049688191740235,1.7910638830603371,4.616445921735497,6.711259485866675,2.610392972552501,0.6169222421187011,7.454170956948887,1.066054737627507
TCGA-A8-A091,2.46878950534987,2.20015323723176,1.32986053390699,1.22329408043865,0.753707227122853,0.122107394599139,0.0,6.40508788033667,5.08410788421871,2.06472503594908,0.11236652307256315,0.14143279092929553,3.5117589778961635,6.657782895817646,1.5479926502223464,0.19433924948446313,2.333853043367071,0.9819256992906619
TCGA-A8-A092,16.6720524261593,8.34619387007415,23.2897446071648,1.02548083401886,0.458997087181244,0.183017825901382,0.32536502382468,3.53834463409339,2.93700034898885,1.46414260721106,0.1126334169852453,0.06239806379847849,4.522212719103224,4.2963986704996096,1.6805044011523604,4.057978730325071,6.976462164589833,0.9806103050785765
TCGA-A8-A093,30.681149563206,0.701072569694424,1.05468373423328,1.17460404220732,0.339296984598321,0.122995187665688,3.41004157803121,6.77703484037943,4.78143792050363,2.8411888350774,0.08759861792362102,0.3088268243478838,4.518528844487467,5.47736324171997,1.8507594254809088,0.6293799361746863,7.801444527700824,0.8173776714965579
TCGA-A8-A094,3.7931449788107,0.999669723677074,1.46767439703002,1.09083907887367,8.08832385187575,0.0,0.247917972471287,3.25392338868565,5.75169696133387,0.873910852961288,0.764770764387076,0.1323794250528661,3.910300939887821,4.1161151914541625,2.389071144358182,3.7165410106043795,5.889510047510575,2.407107975326839
TCGA-A8-A095,23.9764733037275,0.574825905317558,0.280575987192159,0.599065551927334,3.71905435127143,0.0,4.20384728346696,4.13112834363763,5.62359801346816,1.42667634331828,1.740711733399101,0.8075197920698844,4.159459655964709,5.116422982369239,1.8641762377015292,2.5136928603321986,7.707515818200848,1.7061989874297772
TCGA-A8-A096,12.883013337152,5.71839559739393,14.3500145332858,2.06336003932128,1.5168709251808,0.500828390225011,1.18648397024416,2.3168644953104,2.57868057280736,3.40360900746049,0.15626716305180363,1.3669236489785181,4.556576559160949,5.4534155136557025,2.278371397246552,2.246560101897059,7.9015083326181506,1.227741075839128
TCGA-A8-A097,30.6024001071735,3.38274535759149,0.412033645060016,3.55824116937631,1.32257713229141,0.765568686191758,0.0,3.30898624829062,5.34880713309391,0.963955256035469,0.14561224716647592,0.5097465063656548,5.11266260551167,5.1927425692741025,2.6881803585869264,0.4583820041560132,6.521920741349614,1.6735111977313943
TCGA-A8-A099,14.9808785527702,7.87714081626349,5.30116047975058,2.62774353476436,1.65946723806092,0.306925316690901,0.196746435744503,4.00099073543496,6.61046490611057,0.779492867786415,0.1159654315868068,1.3763459560356153,4.573235146452513,4.192951618069849,1.585731732965927,0.8488782842419547,8.105497897362705,1.2376249000161599
TCGA-A8-A09A,10.3165906411931,1.47126636291929,1.09458672181044,2.16258429248378,1.75488397504832,0.177261007580638,0.0,3.74463878514098,6.65171930946344,4.52458721849578,0.2514464315585819,0.0697021666300674,4.296560191142718,5.6599102911735955,2.59912732633497,2.802069108804548,5.561976760675514,1.606394848206124
TCGA-A8-A09B,89.2569860260673,10.7149151856105,8.86060031458123,1.77869564756529,0.351793778723633,0.292613516882274,3.47848427934209,6.27639554750856,5.38211603523914,1.81814915545953,0.16915535883089372,0.14090950654166198,4.124162678835853,5.308004031137989,2.484550639168564,2.6257146868806434,7.819309891878672,0.984552895194584
TCGA-A8-A09C,64.6933650096133,5.29398848711528,8.65076463041514,0.673260683424379,0.670084925483698,0.412848532288534,0.42872732199194,3.95064287820721,5.77987945203948,2.0928244829088,0.3691593460645315,0.10540989404008172,4.3362333926155685,4.855077761385102,1.679333711313673,0.8097436951167453,7.703830917908097,0.6240540911101006
TCGA-A8-A09D,1.31975716832174,0.686425423753548,0.462673490043828,5.86305914432588,1.03153433845837,0.549898820134058,0.204789905429235,7.42932268029392,9.05247230110342,2.22614212012891,0.2899524722153964,0.24000896473507027,4.904060138573469,5.002833014029407,3.556000160551448,1.7115389577345295,3.514033864768753,1.252052275031513
TCGA-A8-A09E,9.48532286809464,2.74773241813853,6.4992027059167,2.49679795072862,0.585513757289793,0.167289644939941,2.18312986646623,6.23572151513629,7.27291731376393,0.987008905145651,0.03899797879750991,1.8520787626015605,5.355414529560305,4.027914840650307,1.6572741407435827,0.8820560709686261,6.9437432050592305,0.6548021257897905
TCGA-A8-A09G,11.1019839223087,0.440862997913858,0.787453405078841,1.74681565211151,3.56849483217067,0.110908930292795,0.0,4.29772104884579,4.81899302122192,0.41590848859798,2.187989390802674,0.14912926990993294,3.924850500011846,4.415697831959504,2.219029085478693,9.549714793233756,8.617021455740693,0.9658396830880143
TCGA-A8-A09I,36.1007419418359,0.375172079565208,0.384742795880647,0.396227655459174,0.934101912386845,0.396227655459174,1.68636021478035,3.70960964386415,2.60897726758867,2.93820990883977,1.7347421312970588,0.15107947302881158,3.3576083038138487,4.824299435739877,2.2300492652935002,1.1826287412686463,7.794006394789114,1.0508847400250934
TCGA-A8-A09K,26.8019358997925,0.928223591497705,0.387106699593213,0.166497505201382,0.778375836816461,0.0,0.0,4.2040620063349,5.36538210511454,23.5177726096952,0.3073119390641877,0.09044698023265137,2.3225915820158285,8.311676121692317,1.3003580519404456,0.0,6.753573784556624,0.4268551323242121
TCGA-A8-A09M,13.304210849811,2.98080323973927,0.670770404129053,0.0,0.0,0.143480300348461,0.677944419146476,1.90470098712581,4.96083138454802,2.44992612844996,0.21424917025451382,0.038576651452323155,2.8231175334678995,4.83450391714198,1.7114508542205547,0.6218057347471655,5.127946874997381,0.5339619653451514
TCGA-A8-A09N,22.6776189257391,7.16983333708981,11.775175724022,1.63357625969899,0.657906055276032,0.179022055857424,0.680283812258209,3.55806336016629,5.72870578743755,3.73708541602372,1.324119326435102,0.1191569418736321,4.082430099945949,5.104240197328481,1.7915640518022569,3.215321372773869,7.528075854330478,0.8208120772287196
TCGA-A8-A09Q,6.09375345252186,21.4649812264359,61.7027446287892,1.40753975255317,0.924396147014087,0.198284369903324,0.287651973240033,2.63634429843292,2.32914316196299,0.43845980387073,0.3529844580206443,0.01578299724092746,4.784001360102201,3.7198843520631293,2.9062364255669,1.767993717611875,5.356988891792477,1.0784732093786933
TCGA-A8-A09R,6.21872712895201,10.4517643892391,17.6153659066481,1.53796477382684,0.880913660622936,0.188974877691389,0.43900317740615,3.57598614708321,3.23583136723871,13.0741542304335,0.32492578405532097,0.07519031415521925,4.507547299847622,7.252069310701368,2.730052977523576,6.555196497348696,5.685197311188365,0.865602138912267
TCGA-A8-A09T,15.0757977647019,7.47096970248547,9.91388476757591,0.35137819429383,0.0,0.0,0.711122536070846,8.88484862714398,6.5925242167509,3.83169554729938,0.18332770604480073,0.5698799061480765,4.576038336762084,5.589805425184742,1.4879493369389527,3.926578278710435,6.314712837442674,0.7939374881505561
TCGA-A8-A09V,105.376111245224,1.75278638543214,1.72014136679229,3.98269227406214,1.59458360279285,0.10044621119955,6.27788819997185,5.91377068437349,5.54714201349513,3.4126600255047,0.9621417904577948,0.5498170055129729,4.838866069732766,6.808614154267439,1.7463127664254587,1.0559591502282766,7.547392759382259,0.720891316247563
TCGA-A8-A09W,7.77746554259408,7.47312993440562,16.4214421918359,2.84046567642566,6.88982001871106,0.545267964670998,0.479046227082567,4.88627726480367,4.78905894552125,3.05603673222583,0.334911461262063,0.08719124956262302,4.69292928642903,4.987825629916552,1.7801840939740006,6.4385839564699845,8.309573667103942,1.2610493351034773
TCGA-A8-A09X,1.78633128059664,0.0,2.24017561001652,1.55396298393366,2.43260560569055,0.0,0.0,6.30662080161863,4.26976745118222,0.504674894314905,0.7951019581228245,0.1578198394788626,3.7821044765144176,3.3569325684193454,2.397227959323849,2.577271709235143,5.853569061203208,1.7417474082755158
TCGA-A8-A09Z,14.89035126057,2.77701307923966,4.54517545061689,1.06232336022262,0.320835914161193,0.188936705006036,0.0,2.27437014705379,2.4312232606437,24.9610341217408,0.030547964162966627,0.05769286716834593,2.8699700823544134,6.766791253165359,1.5005471374206805,0.6234923304277264,8.727402828894554,0.8251343346188389
TCGA-A8-A0A1,45.8708182154294,0.592010997421052,0.37495769078015,2.04193623686753,0.652215505633362,1.17900495249108,1.22415833365031,5.69434306841435,5.94519518596564,3.19585597760347,1.127501219215837,0.5020250215176955,4.486958876893823,5.654146216650494,3.0732032721567073,1.3470986706222683,8.27719532511549,0.7908554282288269
TCGA-A8-A0A2,86.4485346616952,2.74918348739424,0.209510265767962,2.284172897519,1.01944629318801,0.181040375653337,0.947906202437976,7.23576917871792,6.9189487768249,2.54733823134949,0.27798474729976524,0.45249000921845045,4.961577027959885,6.262153115914909,1.7348721682560806,0.31173560197926975,7.342889816006737,0.6475447697089668
TCGA-A8-A0A4,3.47219633756133,0.154663533967097,0.0,2.13822335709512,0.154663533967097,1.21024215329253,0.862249201866566,3.36006527543518,5.14256250440598,1.50410286783002,0.9460570708974767,4.130897931207493,4.31421071237288,5.151444842807535,2.6293799361746863,2.3109217352303437,6.180869903386073,1.3750672420676104
TCGA-A8-A0A6,24.519127662165,1.00915669188509,1.73826033051977,3.41375014910411,1.76240283511032,0.956043181785875,1.74791733235599,4.86230042453725,5.37895002277507,0.732323283046878,1.8596515638598337,1.8506394258933252,4.559400035792183,5.074402676647009,2.6683006985386495,4.862094268947169,7.343463787830248,0.982363897646027
TCGA-A8-A0A7,4.20709423849269,0.44900274767539,0.378269438110089,0.824196824500031,1.9590051388303,0.270631793119413,0.0,2.30652096408591,4.66532307002443,0.590469366805992,0.9068136498210986,0.30158764660318677,4.258888219432664,3.6931189187805127,2.657022555092529,8.607710913079694,6.187815245003401,1.2592423521006044
TCGA-A8-A0A9,31.0614838279534,27.0737480883496,43.5061134354258,1.70028369636978,3.0582844227666,0.222623069901117,15.4333443208949,2.62973501320695,3.40891575786086,2.13718147105073,0.06446901736844254,0.800247628453575,4.665017494176459,4.1121079225019335,2.3539724990026274,2.311415923366897,6.757578022534634,1.3020557880986188
TCGA-A8-A0AB,21.7458242480488,0.101131609106145,0.193835921225475,4.51805463681703,1.68131300138966,0.0,2.63700670744273,6.08559457796227,5.4080127969511,2.26281975374999,0.15185881672700494,4.206057088207579,5.519790341741071,5.743953827849987,1.584770128557275,0.46978180680686443,6.391369054396711,1.0482361856528477
TCGA-A8-A0AD,9.82079623827905,0.429493794009498,0.814709877296368,1.92165264536209,2.05448577752997,0.0,0.462772921388626,3.77246095356797,3.98056619396432,0.597749094755488,0.12008647067252551,1.0541538717627081,5.414899985854281,4.800837791532345,1.905042763090917,0.23523688908981516,6.139234129254066,0.9902287934260118
TCGA-AC-A23C,11.8673884469284,0.881577427486106,3.09501490695891,1.70619139042696,5.75330991907087,0.19259076108158,9.04091558711136,5.21893837071775,5.6746460870798,0.919553070516277,0.7422649670401299,1.0712821485007393,4.1959853301566925,4.322800661462319,2.2968978577000776,3.417474496138403,6.656384817655192,1.4044126968276471
TCGA-AC-A23E,20.3836542709859,0.527826571233076,2.57547538023777,2.49590353532827,2.28901673856354,0.2970682209955,3.51177075533966,8.2542527119464,7.14820406770422,3.2836647999324,0.3627784536195042,0.8050447613704029,4.958174520269737,4.742669180674318,2.4928273879225116,1.5345596846083165,7.599365406610258,1.5790352919554447
TCGA-AC-A23G,17.3571902632446,0.0,0.0,5.91415166679868,2.7306483124419,0.803359437132599,1.41939640003168,3.36599717721799,3.31192493340726,3.4335874819814,0.4946716116475496,1.410829519122241,5.625524750737158,5.435238533656191,2.876507123927027,1.851838972849344,6.778541083490666,1.9265308398944194
TCGA-AC-A23H,8.13534498436708,0.184109646039425,0.727808444499601,0.595479636408764,2.66095972791356,0.41136999036934,0.11506852877464,7.01918025525307,4.90479603901905,0.325068593788359,2.148475655205356,0.6724828243725461,4.730309513664143,3.6303940108033794,3.006894694327689,2.798978752836968,5.488270708485423,2.2230629001957327
TCGA-AC-A2B8,29.2558458940162,0.0979603076980286,0.253063801685548,3.33309946942542,2.50043685399218,1.57226293855336,5.30944867723315,4.50617415410931,2.9265641924786,1.29797407699888,0.4443490240642176,2.9391137158137957,5.167056799564076,5.193759917979028,2.996804500896167,0.17683337078449007,7.097937304260696,1.7455815583333898
TCGA-AC-A2BK,0.406711954984955,0.0,0.0,1.49931949507166,1.22702928792071,1.08916082860378,0.0,3.9258043790497,5.34584951001412,0.716915988448057,3.536960517597321,0.038576651452323155,5.746643301378711,3.5039719872700306,2.367594721961029,0.0585243118408003,1.8666706407263847,1.3056787432422876
TCGA-AC-A2BM,14.6616299118275,2.01348542985896,1.10441178428831,1.45376653237951,0.35587904192437,0.338085240088258,0.300520213411785,2.71970793137665,3.51984299958553,9.20343153573592,0.3810618284245876,0.17593970540604287,3.193125145003963,7.145655040268047,2.7522347806196445,0.1506896432473209,4.716760483642688,0.5445842992004357
TCGA-AC-A2FB,15.2238418383186,0.358348572106362,0.659958620295884,6.38159082159413,1.37366952640772,0.552454048663975,1.31991724059177,5.59919643916191,5.82913677293016,6.12776058301879,1.2214451089806087,1.842494430602672,5.818351986543055,5.043176585017267,3.6637622643729824,2.6792329571700852,6.150864557311897,1.8538302974268688
TCGA-AC-A2FE,8.96655349948204,3.05574964025669,3.18846758014072,1.97782100656445,1.06174351907224,0.129480916960029,4.73900156073708,5.76837485056931,5.10478515114916,4.67426110225706,0.33078783626552405,0.6119277672153374,4.885076460823686,5.838576173758373,2.9457200582330927,2.555668933770539,5.592654366513639,1.219338922698467
TCGA-AC-A2FF,4.37670030501899,0.0,0.0,4.12127320525067,0.817940712741254,1.47803321776051,0.786371071196854,5.57921665111929,7.33850667536626,0.892559865482561,1.1482035291356212,2.2478352418792964,5.26115766896371,4.186190383517266,3.627341028495014,3.0662594897430235,5.291829899380991,1.6792080417018886
TCGA-AC-A2FG,33.4916292412187,0.099699722382135,0.273462380533063,6.41318464223084,0.752732903985119,1.36588619663525,0.717838001151372,7.04877037241695,6.28108251007451,1.0318921266551,1.7782506368648736,2.50845400723069,5.580272136873328,4.984220199226732,2.9232062404529713,2.2104823809719667,8.150693704517167,1.1543887801260806
TCGA-AC-A2FK,4.76886266114943,0.0,0.211087868470029,5.44089750770708,0.650495268142335,4.39838191240612,0.172316627322473,7.93518068819987,7.92225694115068,1.18036889715894,1.405447843707535,2.1240303002391157,5.529327472928918,4.4296360479836245,4.102204593654963,4.335476109868982,5.294481067195961,1.127501219215837
TCGA-AC-A2FM,1.86254275425037,0.63131130808861,1.42655428181349,2.32294658114373,0.415061025759915,0.512722443585777,0.530161982483253,6.8153718011334,6.55377871767126,0.484819181349817,0.8236608678347814,1.145031284988984,5.0158480979677424,4.230527066185746,3.256969162910767,3.138646404189103,3.9464186802954373,0.8078141676250823
TCGA-AC-A2FO,12.85501959372,0.946007376629843,0.152581834940297,4.58126959408242,1.796651106422,0.659916436116786,0.736207353586934,6.91958621454248,7.67105175162344,2.52522936826192,0.7223785857583223,2.2382977275122875,5.036367058118717,5.748657121374983,2.736431698224236,1.4627852625496307,5.718169802079754,1.716420286200244
TCGA-AC-A2QH,0.0314021580775154,0.0,0.0,1.44135905575796,0.0871409886651053,0.181347462897652,0.0,0.0314021580775154,0.238656401389117,0.257497696235626,3.229926578565174,0.24950363222362196,5.1151988115311475,3.394728734330564,3.2382270633665327,0.0,0.32525026088213255,1.7338582473856137
TCGA-AC-A2QI,48.3667214147701,0.141144587188357,0.458719908362159,2.52648811067158,4.50251233130858,0.444605449643323,1.52789015631396,7.62886493753068,7.2830606989192,1.47143232143862,1.2329063010068304,0.6742798513794483,4.3747265237926385,4.463033855317493,2.2720530582143894,5.0468271609528434,8.298211527745291,2.1729034944763765
TCGA-AC-A2QJ,0.332939203939337,0.0,0.0,0.0,7.45708148823219,0.151336001790608,0.0,1.60416161898044,1.52849361808514,1.65334581956239,0.1467855409887005,0.25047655250296924,3.552622992009278,2.039980597690881,2.9562983207723397,8.545668033709227,1.7578340010734335,2.159629185821228
TCGA-AC-A3BB,47.3664339805199,0.0,0.273348760763581,1.5209405406589,1.48239135644865,0.304889002390147,6.95987998559578,7.7518904975518,8.03925714348274,1.88891002630218,1.7583884654793522,0.8219550647013534,5.330354027659826,5.224013254312493,3.008271737963543,4.18538292361474,7.1121079225019335,1.6959938131099002
TCGA-AC-A3EH,24.9072635761479,12.6643439962019,6.85084820272356,0.641141419602941,1.61365930327032,0.144076723506279,7.12819589547314,3.91528496128313,4.05575976670175,3.46144328223835,0.1129002615325498,0.22441078187075333,4.2550474593191705,4.983508975235729,2.295693641449694,4.932533674881821,8.060826146599236,1.5023306017160116
TCGA-AC-A3HN,52.7116313623552,0.64949480926378,0.623199472856339,4.73579008698003,1.49357510794262,0.631088073778571,1.68290153007619,5.4983548427958,5.30902842066223,1.37787562774988,0.9108093989599713,2.7592623804596674,5.46124041077425,5.074347012077614,2.9129180701189044,1.4838286728047536,7.80275157147665,1.5644757270612388
TCGA-AC-A3OD,0.498428780165674,0.135261341829347,0.0815273841163184,0.462297325841397,0.503061017899556,0.0398372445113829,0.773583701558249,0.222347411226323,0.215862278398889,0.490090752244687,0.8161085320363713,0.8622460299350441,4.800528650530393,4.899482139991908,2.5033320108061514,0.4842481544889686,4.350119168177097,1.5048887067876309
TCGA-AC-A3QP,14.937882920149,0.769038330065126,0.137328273225915,1.62390683089645,4.34987305443087,0.518414231427831,1.98782675494513,4.85455445853611,7.65605123234478,6.67415407877949,0.5735684240392593,0.7330071842526771,4.905110173572009,5.029806227704213,2.4192961747357633,3.9119983016993505,5.771037772522843,1.4289999257630042
TCGA-AC-A3QQ,77.813133722121,0.244580021128779,1.47970912782911,2.3540827033645,1.00476163059935,0.269038023241657,3.4241202958029,1.43690762413158,0.0,3.35074628946427,0.8446266846698076,0.15185881672700494,4.17559645461522,5.470344883425922,1.9421203494409107,0.0,8.00597704016976,0.845510123083573
TCGA-AC-A3TM,66.4838527002625,0.151168378127018,0.0,0.151168378127018,6.36796792860064,0.0,6.26215006391172,2.56608321870613,2.42247325948546,4.44435031693433,0.21636173497112732,2.106515831266251,3.1617103570052816,4.883171125802614,1.9681276255686861,2.619952893066274,8.025692720075508,1.1348123563517576
TCGA-AC-A3TN,121.466610798525,0.253400051502153,0.0,0.380100077253229,1.11566411564142,0.140777806390085,3.00560616642831,4.38170922389139,6.2998068359563,7.91523216428252,0.11063050809643417,0.22144405295439856,3.4037585369641565,6.2889380341381775,1.9107326619029126,1.937043014451019,8.393243713414948,0.6219932316661233
TCGA-AC-A3W5,41.6601442946483,0.352003076212905,0.317189585158882,3.22991833667886,7.40366909748902,0.963173252494653,0.413893726975614,4.40970886684299,4.59924898480379,1.23781301525417,1.5093411410803554,1.0949791873471424,5.207619588066145,3.9799155854175177,2.885457226053902,9.32806226888322,7.658029348861702,1.4909294759134362
TCGA-AC-A3W6,31.4293271247818,0.987392086007839,0.77637684182068,2.6834768789084,4.54678129927803,0.15925678806578,3.20902427952548,5.41871221393818,7.35368218893741,1.93098855529759,0.5348584514007184,0.4118600737378197,4.792777282336718,4.088167043993618,2.749405545640754,9.79236767076882,7.2202883529608295,1.580097232946231
TCGA-AC-A3W7,167.946453334061,1.37806530188996,0.294882617565437,1.71090310785491,3.5269128912777,0.140142234090505,6.61588130102258,6.21297237801238,6.03487495552236,0.753264508236463,2.1546804136914064,0.5697827124241276,4.067156820309614,4.705590920081665,2.448266660063955,8.21324568676028,8.722999422457764,1.3707780627408692
TCGA-AC-A3YI,55.4350575205788,0.187597487379285,0.0,2.91714092874789,1.74465663262735,1.28035285136362,0.994266683110212,5.76862273691302,7.19436364099559,3.8832679887512,0.5423075835102366,0.3967075213839758,5.919549844395575,5.611066121995436,3.2259072816062333,2.782639209940978,6.627717720623204,3.537333345550835
TCGA-AC-A3YJ,31.7242930115592,2.49538072070738,1.05935973992295,0.428452161479947,4.23743895969179,0.0,4.06794140130411,6.73281968039917,8.29125556446359,1.67143425632287,0.3428960367396197,4.9113128846383685,2.440633335161527,3.902835738545466,1.0832474137479364,3.853386912977272,6.888801685994868,0.7500919304486525
TCGA-AC-A4ZE,54.1116881618077,7.09009510984086,5.42042571018298,3.03420414516884,0.137139170403111,0.404560552689179,8.49920008573283,4.15531686321427,4.00789225503093,5.22843087161862,0.629846178960921,3.8201278926602877,4.646652306796644,5.874654361181595,2.451962766205277,6.630553997119732,6.73733794176959,0.7325731212951982
TCGA-AC-A5EH,33.7098154245631,1.69883879029476,1.09615550516638,0.934361334662117,2.20444557312058,0.411838971310075,0.161794170504263,5.18550316466162,4.24709697573689,0.635042119229231,2.9239858340939104,0.31429048398799614,4.716963466481843,2.7027018651383803,2.8001854919782097,8.35475319020256,7.087288858710957,1.5539011054587955
TCGA-AC-A5XS,44.3291572053909,0.502471555224834,0.372201152018396,0.907240308044839,0.697877160034492,0.0,0.414073781620465,6.16923409470491,6.58330787632537,3.64757128978028,2.6226024284182787,1.2210727825150631,4.908980988249132,5.125671763392588,2.2348998000678204,3.963057901908945,8.385672185258368,1.1429361771487712
TCGA-AC-A5XU,0.805046234001571,1.29985513880254,0.569422946001111,0.761848631201487,4.22551096480825,0.157082192000307,0.157082192000307,6.28328768001226,7.24541610601414,0.993544864401939,0.27130614379733703,0.26435627052581034,3.9019963761726664,3.837135913923183,2.0967678547146886,2.091293622339137,1.2237314451381058,1.4103411046140875
TCGA-AC-A62V,4.14921392656217,4.9042961005852,0.399969270398336,0.0,4.76598896969979,0.0,0.0,1.10645704708325,1.91387164900886,4.52675501357369,0.016353683577834812,0.335711910320462,4.679170414651253,4.692349079751969,1.7642187479116636,0.9841882928420941,5.067165427017112,0.8261111636631352
TCGA-AC-A62X,4.37305444585712,0.0,0.0,0.169334150856036,4.31802084682891,5.99866229407507,0.220134396112847,2.84058038061,4.57202207311297,0.319315101610735,0.2703495287331028,0.8495990111514515,2.8595720568172474,2.3256454547579866,5.311147047876517,0.22416378734166367,6.054865837842317,1.0085585988365642
TCGA-AC-A62Y,56.2969595990575,0.24285783984718,0.167488165411848,1.52832950938311,2.56256893080128,0.385222780447251,7.6039627096979,5.02045775822015,5.53548386686158,1.53251671351841,0.7855923987042305,3.6141444324194554,4.697629275974109,4.320094707738014,2.380036744288536,0.16156525639703184,8.019864786585991,1.3903375116159242
TCGA-AC-A6IV,10.5156403111364,11.2020489066612,8.34491668163409,5.82227798539063,2.36932916221761,1.0905882761384,1.65853041355233,5.66548414377329,5.02437154693794,1.81880856276117,0.6546188449611264,0.243181601644472,5.4651516979231936,6.907669440661355,4.015934607818498,7.061271814080323,4.689394218705309,1.6591482161493372
TCGA-AC-A6IW,2.13529018818425,0.115265327297395,0.0,2.50413923553591,4.30227834137528,1.78949420629206,0.0,3.17555976704324,2.31971471186008,1.27656349981865,0.44169593743456975,0.016353683577834812,5.195241282270396,2.736648166338869,4.989924644303519,0.7319652136692752,4.165260770843189,0.49702469417753037
TCGA-AC-A6IX,44.7974385814247,1.27194681960908,0.939806403806112,3.41576223070093,1.49463187111333,1.5361494230887,6.4125746187413,8.62432784215649,6.51070701431945,0.381206613592037,1.5038726662934154,2.0205295327238355,4.504621853533619,4.424533508740202,2.819340707046462,0.8812162692160306,6.985755363741397,1.2270767735177692
TCGA-AC-A6NO,56.1936507595009,4.42557796080387,2.82820282935417,0.57104231752308,2.43078824351041,0.281662764724222,3.05970647159326,5.15867282789431,5.2204071324914,3.90083637172861,0.8738131983590872,1.430552909569011,4.650804761045963,5.456809434051508,1.516569923030839,5.906885786617034,7.819360990597562,0.9779759131991259
TCGA-AC-A7VB,23.6789922415691,2.18832846037123,0.700021621537389,0.739588061015589,0.219137203263878,0.121742890702155,1.05307600457364,2.27354848386274,1.85049193867275,1.04698886003853,0.11276684542842838,0.2228045610452611,2.8800781530792245,4.926692125504937,2.202762485275887,1.1029939933233253,6.811693223392091,0.3558056389440718
TCGA-AC-A7VC,0.37664237969887,0.0,0.0,2.51879591423619,2.58941636042973,0.353102230967691,0.0,2.50937985474372,2.73536528256305,1.22879576376756,0.2525367666961751,0.3281471140336312,5.084957166361566,2.188116029091143,2.4591955219494412,0.0,0.6201171650286842,1.5927320948670738
TCGA-AC-A8OP,3.15009320673003,1.63103744088804,0.389501478421024,2.20555212155905,0.413845320822338,0.500036155474734,0.194750739210512,3.64183882323657,5.57473990990091,2.07896414107222,0.22811063440518137,0.1323794250528661,4.2527032731353795,5.2886021902212965,2.6058735663028463,0.33822471998901293,2.341501922210122,0.9021121793305679
TCGA-AC-A8OQ,34.0481727144225,4.6102695328279,0.387553305736847,1.80050806623577,2.36165295683391,2.70479911295508,0.0,1.32010344766613,1.38065865168752,0.173591584861296,1.1178944798114065,0.11063050809643417,4.7062929386139585,3.1307826401185364,3.827788544822654,7.024726355125292,6.704138813887884,1.8103608380619003
TCGA-AC-A8OR,7.56262526606892,2.9021240420321,1.39494360031377,2.13784459818203,1.63545111760925,0.577218041509148,0.0,4.98117791376412,7.96881573972351,7.56262526606892,0.7466567361572877,0.029558897449116415,4.613018839285281,5.81272411007543,0.9947969266913871,0.9618455491752572,5.67538407401269,0.546067180450209
TCGA-AC-A8OS,119.901187019738,0.600089915217525,0.483293891450356,2.11843822419072,1.65930902731289,1.07130145938162,2.27550873891209,6.97956928236222,6.07742068498822,0.829654513656444,1.859015384799414,1.9803543946493665,4.639041103502469,4.103371744590826,2.9492360914445936,8.673873321357016,8.17310893983506,1.5661819336981648
TCGA-AN-A03X,9.88124944833246,0.975323819699688,5.03510921919964,6.68096816494286,0.0,0.0,0.0,11.6551196454113,5.50448380743011,1.31668715659458,0.00791308164326493,3.2069869795048316,5.813129587127554,3.5728048015103013,2.7132559017309736,2.5131117041074016,7.445382406845802,1.3874176886749539
TCGA-AN-A03Y,17.9809822304952,0.150152750835223,0.15290504158373,1.14841446125652,0.764525207918649,0.130131950284025,13.6866278711224,2.73602425472163,2.40744108025447,4.76282938039533,0.11236652307256315,1.8052924556007117,3.6996182579107946,5.242713009240941,1.4013574098902775,0.05338941954463492,5.545959105194722,0.5084286525318571
TCGA-AN-A041,2.85818185988489,7.63072228635934,9.85375262182536,1.14564714217608,2.86708585321786,0.178079866659494,0.0,3.34493349542084,3.3479014931985,1.43651092438659,0.11955538469528244,0.22008226064924694,4.324976172691593,4.525461299144187,2.244308647708925,2.2249663650002742,4.231040652499742,1.45817198959259
TCGA-AN-A046,12.8111486247612,3.10154963113832,4.936096297232,0.88045968757339,1.84068227367259,0.122712151578173,2.15973386777584,7.58667877132053,7.12957600669184,4.04029759071134,0.22181522787370223,0.1159654315868068,4.048768029084099,5.078938536352425,2.0877343818197254,5.8402114326574734,7.123515149168214,0.9697491282886593
TCGA-AN-A049,13.6761432312017,0.165420541048705,0.487990596093681,2.44408849399462,0.657546650668604,0.789883083507568,1.7824063297998,4.89231250151546,3.85843411996105,3.10990617171566,0.17989317053354809,0.21188440194030453,3.8956806975055605,5.1823705152172375,2.506424221924246,0.9934932210584156,6.5127594221209355,1.058385771000353
TCGA-AN-A04A,7.04861430516396,0.65504138176262,0.27985336028356,2.04508224822602,4.13936948287552,0.123012466058708,1.35313712664579,7.11012053819332,5.50788316777865,1.68834609665577,0.7523204284596702,0.16838530541475208,4.256029372685603,4.327134033385481,2.5399280433528024,1.7609447741764443,6.298368721185473,1.7987556139146188
TCGA-AN-A04C,16.8247765998099,2.6133289523581,0.127262056928617,0.670989866145997,2.49266849397219,0.620959919985989,0.153032776489438,5.30611723097032,4.71458669107845,0.335494933072999,0.9118832894057941,0.06502076994841134,3.4921480171693755,3.8432804089850245,1.9873208659292536,9.319428264557272,5.570617757413,1.0545012161825607
TCGA-AN-A04D,5.44618013441322,2.18652768206764,0.0,0.157276936171126,0.857349012179155,0.431551516197561,0.0,9.11149101198451,8.09015242365028,0.195636687342894,1.4476849814910686,0.04600204654452046,2.5866926968600388,2.268404449408409,4.602486573756183,2.6714292557249353,4.420738391404352,0.4144603058160982
TCGA-AN-A0AJ,10.5252886750168,1.18610128258137,0.293804904859606,0.642018125433954,1.22418710358169,1.39557329808313,0.212192431287493,1.63769030301373,2.64968497530793,2.06207516558872,0.7840013601022011,0.06129233847829409,3.5535079603690884,4.362224392285741,2.005543711098047,0.9465062986890213,4.716875693623636,0.947329519847386
TCGA-AN-A0AK,7.69152366363927,0.0,0.322319877982587,0.357642604336843,0.0,1.01552838268486,0.971374974742043,3.43071979715712,4.73324533147032,0.529840895313842,0.24634727690091462,0.024177814301165258,2.137437945212189,3.2827214959601374,2.006657081901448,0.5507036962478876,6.006623424009747,0.632268215499513
TCGA-AN-A0AL,7.25837315773275,0.0,0.0,1.83903858763281,2.71906932281906,0.526514115068697,0.0,7.61941140806557,5.13727343702743,1.85032103295571,2.823280612047858,0.21536797220347947,4.4631515948373055,3.992152072600266,2.8106898730528385,0.23731896557455087,4.900011803135091,1.4578043905265834
TCGA-AN-A0AM,1.58054280050596,0.0,0.3163066468912,1.37889756516937,4.98775420347285,0.183853008689249,0.616797190441352,2.76372587255452,3.59996052497981,0.539697541636183,0.28747229511906675,0.12551885957509096,3.5651828289317162,2.932004460518091,2.440952198029637,4.953418907190665,3.749802401680049,1.4641977462488616
TCGA-AN-A0AR,0.11989266824682,1.33980056765821,0.0,0.314718254147903,3.68370223188355,1.70847052251719,0.0,3.5668068803429,2.28994996351426,1.10301254787074,1.1076878693143737,0.018064389360361564,4.195733420400734,2.5493981009334874,2.4519100313047546,4.73405924490055,0.4118600737378197,0.7420062108667361
TCGA-AN-A0AS,7.69022872817439,1.09587668569317,2.01992601648672,1.38225561052588,1.0347825150622,0.397112109101359,3.60073768156328,3.57400898191223,4.86080495082721,2.01610763082228,1.0247451901971378,0.1424787906422466,4.861722172442413,3.463975502538819,2.3678183436061935,8.98545659775844,6.564410180673826,1.4157045914820714
TCGA-AN-A0AT,0.1728575368063,0.610261199053199,0.420869792450482,0.626043816270092,2.07015329161581,0.499782878534947,0.0,2.69356667168308,2.38317519975085,1.94126191767785,0.22181522787370223,0.1028596579220564,4.536917014726081,3.300841231975402,2.5729624075132693,5.933789781512697,2.0492125346325603,0.813935070481317
TCGA-AN-A0FD,20.1316683282625,2.61529226016704,1.90571684074187,0.859599936675057,1.70703572330282,0.274473503553692,0.429799968337528,4.39125816707116,5.03190340289502,8.22702014864948,0.19987646683658045,0.191183609220039,3.875583497220253,6.549718450671873,2.1753010339002437,2.6533122946556564,5.966423545454479,0.8884607695580405
TCGA-AN-A0FF,35.089755131132,2.4922327654418,3.13183232471448,1.47034381441994,1.44093693813155,0.216875712626942,3.37811491362982,6.57243685045715,6.04311307726597,5.77477533113433,1.4761224198801521,0.09990111000794269,3.8443053001639367,7.21596780545582,2.300914426956767,0.9244799923590225,7.293846815720018,0.9456826075214056
TCGA-AN-A0FJ,0.0,0.0,0.176182836063739,1.36541697949397,2.85856651513416,0.77520447868045,0.0,4.04780065856439,3.00391735488674,0.176182836063739,1.715849452221877,0.09693648250295737,3.484924372661078,2.5703171968938006,4.000198356931396,7.203937197265908,0.974015283756472,1.2479275134435854
TCGA-AN-A0FK,26.6858014982493,5.20164646391656,6.76874235919136,0.566378339090448,1.11885782323389,0.0,0.138988549470048,5.21902003260032,6.64365266466832,1.45243034196201,2.062536219895389,2.955721967837485,3.51984379730947,4.102070184725832,1.356369213716225,3.869733248190751,8.069497565559615,0.6065369833147811
TCGA-AN-A0FL,5.47930337099407,0.0,0.0,0.44746237082078,1.04689309399579,2.62567542123137,0.0,4.90097936342382,6.59795929804602,1.49435546481657,3.0178684738580728,0.08596845386216505,2.7188328569520093,2.9911363200590007,3.6594222670032397,1.7112746310498603,7.160693337844612,0.6364506166789771
TCGA-AN-A0FN,20.6633699843352,0.173493500651171,0.117622712305879,4.78430382304162,3.54926534382989,1.39971027643996,0.391095518417047,7.26614305269566,6.47218974463098,0.570470154683512,0.6018866449789776,0.576183494145623,5.493234216282477,5.285272740420357,2.9541404630463046,0.8623521995320201,6.298410880944553,2.106515831266251
TCGA-AN-A0FS,32.4756531690331,0.240961084991312,0.25470471846751,7.49438150054611,1.45806044285559,0.415534932280936,1.50969496106802,6.45677356313454,7.87795220726697,3.05381293427765,0.9971117206751735,1.7500490409639704,6.03612964403462,6.336286958887341,2.644479299450387,0.8628282579560358,7.861779853685875,1.5984604924701333
TCGA-AN-A0FT,39.122575113863,2.94078642004659,1.05131308136801,1.67270775489136,2.68066771950192,0.289020778382957,8.1720625087781,3.33096447086358,5.52390962684426,1.98701785138283,0.20426594528956027,0.6601984618378538,4.111148192668961,4.394980514183892,1.5255176770535892,3.586260342316803,7.401918826605913,1.0627434292373452
TCGA-AN-A0FV,1.71689408518542,0.0,0.439443128946267,1.4682169657042,9.22489917198831,0.848227434942795,0.0,11.5481566444019,10.0697200710478,0.705152927844011,1.7213289076370348,0.12604775520593936,3.730846428567138,3.6372740496060834,2.9388503370060635,3.224302726967442,5.347470780106312,2.919530776387289
TCGA-AN-A0FW,25.0512772570322,0.28214563945542,0.0,1.00378737113947,4.60114427419608,0.415079642660377,5.48284939749426,2.57457896003071,3.73029090626156,0.971232105048464,0.23302905744518485,0.16169423543613154,3.7223348644145537,4.514280095632917,2.3543111001990153,2.1832006467254277,7.303395369300002,1.5456224760929589
TCGA-AN-A0FX,4.11399024878144,0.781175567767149,0.139693494696819,4.37940897450927,3.17296022120093,1.01040083089573,0.0,7.3563212732976,5.69142199373209,0.401144210475023,0.5072111026677172,0.12855736497375747,6.180678985214042,3.147843945646278,4.407114775215797,5.1941816312958355,4.576292352599503,1.7349588530509685
TCGA-AN-A0FY,2.35690979280653,2.40639187685441,1.57821804910581,1.62770013315368,1.29434714588381,0.164272185214253,1.70062109911897,1.98970064276706,2.58608997155457,3.8361636738166,0.9686437559647167,0.12604775520593936,3.9027007017030946,6.556700699995161,1.8384274219070569,0.43956994966273916,2.8227709302667763,1.1008431244331118
TCGA-AN-A0FZ,4.65676230049892,3.7811116094269,7.0476899286821,1.93304020481937,4.76061305631339,0.094409778013156,0.47204889006578,5.24682341308115,4.49390543342623,0.793042135310511,0.043764442310170244,0.19496955009341788,4.399383038185748,4.376040279699399,1.7432995278882566,4.491558115188882,4.692326759449956,1.6335707067579344
TCGA-AN-A0G0,0.195644781572979,0.0,0.0,0.9385278652269,3.68322567048261,0.606782366037935,0.0,1.33548829160686,1.45457641952084,0.46784621680495,3.2812382945619945,0.030971642412075527,2.9975633956548777,2.4802651220544627,3.3486431831865526,0.0,0.6658475212555507,1.3175356220163543
TCGA-AN-A0XL,56.5354915937937,3.62498217280203,1.13467933714774,8.62805674187591,0.700280647018574,2.11956602252681,1.26574790744534,5.79323080715366,4.88324044765893,0.895011094317857,0.4392507811114086,0.09855430722072947,6.095968712587408,5.113362953042204,3.4703806785555793,8.807188744933582,7.795644233496952,1.6496614406426995
TCGA-AN-A0XN,7.16038788583667,0.67696252735014,0.276073706736665,1.82734501125697,2.37511030240115,0.373940521138114,1.93251594715665,3.81682854869262,4.91674125331012,1.63453162877422,0.17810907609432516,0.21611335844630125,5.102049182199452,4.680802550121645,3.1082735314725727,0.13592881552640673,5.6829496523335425,1.7757248359088587
TCGA-AN-A0XO,42.1251148864396,0.639723123236701,1.72072464576729,1.79644697464021,4.74439557110647,0.203666953520256,0.438667284505167,3.19078227181734,3.32656024083085,3.49628270209773,0.6306850364557568,1.2757818408810828,4.3484094870059655,4.979664124144687,2.1446663993885613,6.4692396786313076,7.711007501764595,1.5970782124871021
TCGA-AN-A0XP,18.1419169165234,0.767517727457344,2.55515395343394,1.04278779848635,0.254898790384289,0.712463713251543,1.93336744005078,3.71452672317963,4.77998382163308,4.60186789332019,0.09707137054390325,0.39626911219093747,4.047294080094016,5.889758256877504,1.8176641844498005,3.2623880539133547,8.399289461750094,0.9543452260600966
TCGA-AN-A0XR,87.3299935311054,5.88149243505591,11.0283171488663,0.265642565874085,0.510531806289257,0.0,12.3274753225943,4.83137416683492,6.39202424134517,4.82722350174314,0.7873488760559454,0.32573179112255435,3.222820013994216,5.8953704884553035,1.4252444421481008,8.459379975788243,8.990781885410088,0.6465313499891587
TCGA-AN-A0XS,4.83109871062977,1.72539239665349,1.5860946618778,2.16861246184888,1.60825566513757,0.462215210846623,1.53227508253264,7.03770146378112,7.30996521811543,1.60825566513757,0.487074680051724,1.4675403420538382,4.788576095031635,4.706480822629446,2.449983887029161,2.9636960599865363,4.412693470841332,1.3164354110105
TCGA-AN-A0XT,3.7751377135215,3.97468652470009,14.2127622655772,2.43530998132239,2.31313723978448,0.0,0.0,7.83127273258021,11.0240537114377,1.13620649630259,0.5581696548346117,0.13645390926865067,4.442412751782818,6.51796695020102,2.118725171268244,1.3305584000308022,4.067544071324278,1.0285691521967708
TCGA-AN-A0XU,7.82063959576572,0.360734841392321,0.0,0.908474463170801,4.14147967018433,1.63266762954183,0.0,2.05295830645359,3.44315054546941,0.457594384192363,1.0661925440122606,0.19446533163799662,3.924670008169753,2.9648791424501626,3.362722355824576,7.888371874531599,5.465621907709367,2.0664681172982116
TCGA-AN-A0XV,27.4605008437991,3.08997807929246,15.3860756317813,3.14371682849755,2.66006808565177,0.372812572610286,1.83383481662357,6.68375693238261,7.74509722918307,3.4527146364268,0.5283712779607188,0.6558097543554524,5.100195555595611,5.57158580446983,2.111999463304661,0.622368152416905,7.095763056924149,1.774586781183158
TCGA-AN-A0XW,11.7449760386603,0.884573971556029,0.144420240254046,2.32516586809013,2.03993589358839,0.332166552584305,4.47702744787541,7.07659177244823,5.59267380383792,1.87024211128989,0.3997726611017057,0.5289713174983675,4.649603963439595,4.999715941450894,2.8963106043658224,0.3740657182225377,5.542310679312727,1.2751262735683553
TCGA-AO-A03L,18.5611194583924,9.40049710606669,9.07310048271747,0.745556667032875,2.49599405919702,0.541338971280392,1.46518092825591,5.84127440866627,6.12004777112204,2.29501791417076,1.9203695304316735,0.12313642685605963,4.0663561719991534,5.30348122090015,2.555791619223054,9.008460276973711,6.912391191203291,1.1936456006108265
TCGA-AO-A03M,1.96048533983266,0.356902514457526,0.594837524095877,1.96792080888386,0.384165900978587,0.359381004141259,2.31738785429019,4.25308829728552,4.76365717213448,4.1688196480386,0.6876878107322444,0.3371972813408009,4.0706383430436,5.79421309496009,2.2735158897021166,2.6638455472431453,4.526244128537199,0.9288061453406263
TCGA-AO-A03N,26.0770858651657,0.0,2.06539886368569,0.360242940634305,1.6571175269178,0.0,2.54871880498771,12.0726415480071,18.7776632805631,0.900607351585762,0.6145685119642088,2.7990873060740036,4.17795764509956,3.5401884967985326,1.5192399486612869,7.416793306107445,7.02841333802255,1.4402080750137498
TCGA-AO-A03O,4.39515428162982,3.13562109070184,1.51936696108446,0.352316976483353,0.0,0.215794148096054,3.54959353806978,1.42688375475758,2.17115336757866,0.488839804870652,0.18928690658361216,0.4998841458919099,3.067053535814524,3.975125723397613,1.8693581812340334,0.5601279760812637,5.19863165886819,0.6119277672153374
TCGA-AO-A03P,0.264279313776327,0.0,0.117457472789479,1.11878242831979,0.408164717943439,0.173249772364481,0.0,4.12569373173045,5.85231858173578,3.80268568155938,0.14782766837732017,0.07806325577681912,3.8326773908071363,6.987944973962155,1.4740985312514538,0.02431967919541289,1.6644828403646825,0.7656196082812327
TCGA-AO-A03R,10.3432568973257,0.448025110769052,0.0,1.06697633157305,2.05232605854489,0.0,0.233218870289192,6.29690949780817,5.27657694029296,25.904786017372,0.28451413324424535,0.19597745864258795,3.9623824417171862,6.784676719091611,1.7444625227443757,1.9830939325977897,5.560601857421861,0.6525094401836642
TCGA-AO-A03T,8.88606871042534,1.24892346713618,0.0,0.835516744564968,0.174065988451035,0.374912029225262,5.94000185589157,9.15151934281316,13.2768832691027,2.60663817705425,0.2308178418610832,0.7208037820400374,3.23287561026512,4.754753913104538,1.8243198048767364,2.637679794366076,5.5064178743669405,0.4570163627003037
TCGA-AO-A03U,5.3840553416792,0.0,0.0,4.37144580577443,2.33056782361586,0.955193531291608,0.0,6.68374490064975,7.05694893063527,0.900387345069958,2.6588741132275078,3.924109389529338,4.987721053685089,3.3042481786867146,3.1388799849006075,0.1625967659884867,5.676557971911239,2.147078715411241
TCGA-AO-A03V,5.68558124673247,5.85696836164052,8.94193642998553,1.38227433980193,3.3569519680904,0.0,3.30479067224882,3.58795199253169,4.38154885069291,0.501290917555942,0.39791246017690557,0.25338423580007446,4.197660984594727,4.857936221138427,2.272620454662992,3.7059005136660725,4.873867323010404,1.1384213104202496
TCGA-AO-A0J2,3.22686278961986,0.0,0.0,0.455880189852678,5.91271113706516,0.497074182911655,1.12871540981597,3.34769850259286,2.79295272939864,2.65014688679418,2.6764705268728317,0.1147667926655143,2.8238512419538,4.505478127818163,2.271276259175926,5.770662571615602,5.4355452566728175,1.1475020844259285
TCGA-AO-A0J3,2.70889435521122,2.7458578259451,0.924086768346908,2.19932650866564,2.91219344424754,0.105609916382504,0.0,3.28182815158631,3.00460212108223,1.47853882935505,0.06818925877896807,0.041383179019406156,5.100166113740954,5.349482053029802,1.6150866621762852,1.3630589098791868,3.4527140291648735,0.428785589848052
TCGA-AO-A0J4,17.2458907538017,6.03233090590659,1.68121785201339,3.10827100795264,3.41839857288715,5.05997605945779,0.0,3.65857255174621,1.543642466065,1.36642671467385,0.3660283991571193,0.12565110166152013,6.06028521846302,3.1548262083699496,5.0047800167067615,7.967512175253717,6.85558612464354,1.826965346860725
TCGA-AO-A0J5,22.2004869750297,0.321232977763333,0.331350551866115,3.36156399564936,1.4746364254805,0.212469056158425,0.0,5.85048722493377,4.11279387278093,0.250409959043858,0.16954023145979727,0.23535944739094555,5.027499110251379,3.4189320229872506,2.7017042963275153,0.245130531411833,7.675427830133019,1.2229281800026126
TCGA-AO-A0J6,4.29915612641351,0.103594123528036,0.0,5.93853313124468,1.05924991307417,1.20687153910162,0.0,5.89709548183347,3.23990621333933,0.978964467339943,0.314638526699882,0.041383179019406156,6.10454633862346,3.6531746941874825,4.434014326202132,0.8705817240545856,5.055343179276735,0.7353488701858854
TCGA-AO-A0J7,15.9905450759627,2.49225378283663,2.35965092126688,0.642613867607263,0.523611299531844,0.357007704226257,25.8269573457395,8.05477382201908,9.88401329700695,8.29277895816992,0.029982866215714315,0.37206058233216077,2.900528731040105,7.087980421322374,1.7858016153237786,0.3628906426658603,5.86727626828135,0.5434958834257717
TCGA-AO-A0J8,60.5105628623792,0.602070397693272,0.95286348064679,1.03993977783383,2.15949217023868,0.242935903048076,10.9591739745408,8.51108607648217,7.01586165907036,2.43564842703187,0.8536763432319948,1.4226635916550217,4.245404388631068,5.617489505024626,2.088548697010238,0.8309854124830758,8.489819467432508,1.0182780850243496
TCGA-AO-A0J9,24.5700158209537,2.43856135283016,1.29717474831122,2.43220265308353,1.42116939337038,0.271304098609291,1.90760992398709,5.15054679476513,8.87038614653995,1.31625084755109,0.3422133734583227,0.3022898018932747,4.049717884360048,4.410578548986118,3.3664760935100957,2.732551414718793,5.346120096305721,1.2658569208107826
TCGA-AO-A0JA,21.5066720480332,0.91225877288739,0.23516933710874,2.10231063075177,6.8590885179503,0.0,2.52071503034673,6.55385907890151,5.87137977136545,1.1180314284259,1.4992718831690883,0.36535659703048,4.208805957208124,4.463086185179243,2.3815879400735933,3.3845886439591832,7.918300953573129,1.6778915569605324
TCGA-AO-A0JB,20.230845314178,0.311483376661709,0.311483376661709,0.0,6.06613876048679,0.311483376661709,2.59309911070873,6.44770589689738,5.39644950066411,0.0,0.5015155773085496,0.4749810882049781,2.675002916193927,3.3113287259955806,1.5776825991883325,4.69438992740731,6.553656938107384,1.0361164532176534
TCGA-AO-A0JC,12.4048176256237,0.0,0.0,1.6363326134762,1.20395315296768,0.771573692459165,1.37914138265648,7.21626409952147,7.14544332581748,3.01174658699036,1.6168281666049327,0.6444100783306281,3.7635496756326603,5.6474756955191365,1.7968884232474476,0.5284713018828924,4.030459682198119,1.185168809781465
TCGA-AO-A0JD,10.0493868112484,0.0,0.580112438241725,1.41137111499054,2.9076367331384,0.905541367011473,2.1966452691958,2.24262979173935,1.41490838595543,0.979824057274133,0.1567849075543597,2.415812739536162,4.2511509905939375,4.754165974246009,2.0878701329410574,1.3885202029931694,7.214620258031761,0.7301399523565122
TCGA-AO-A0JE,25.6429639800891,1.257852688178,0.582403025485157,3.0705390278537,7.09911380177173,0.392863579321348,0.137846869937315,2.72247568126198,2.5467209220919,1.82302485492099,0.39637872697964566,0.5158133573619778,4.533999330055041,3.311546709542926,3.1340073130620074,3.1639334074869354,7.9832473070419,2.318953077782363
TCGA-AO-A0JF,8.30840139228376,0.0,0.286623312073478,4.8064524640014,1.49191108592092,0.727582253724982,0.922339119621063,8.43333975908502,6.64745604539643,2.61635638713226,0.6076735603490564,0.17312743348065618,5.597385169196977,5.314460890389924,3.144699025154139,1.5166707684832,7.118612017698208,2.1036319157153365
TCGA-AO-A0JG,4.21533114309669,0.304854917702936,0.0,2.18449969888856,1.06061226759831,0.35253305485512,1.85607146829704,8.21974507388689,9.08751874737642,0.421834424612964,0.7355221772965375,0.3328511220721542,4.68158981722124,4.624720897939195,2.3966527275200185,1.106549331284617,4.698101768589104,1.0610849206013082
TCGA-AO-A0JI,5.02562300521127,6.31980811218164,4.38240525743558,1.41817888967411,0.0,0.949327398825568,0.0,5.30073421058521,8.4044535838884,9.91950261629981,0.3390233333727542,0.08215755908542595,3.6297296323896595,7.137362116311785,2.123732403977334,0.48810363312357663,5.429870338116313,0.47747010334189877
TCGA-AO-A0JJ,10.5735859296985,2.08193627969328,2.13075890601774,4.31731509926344,3.536153078072,0.0,0.278986436139803,5.63901334047576,7.51868445396768,2.38184669854356,1.116697443201016,0.30661222437539815,5.162004544001797,5.762215915727782,2.857702378838617,3.577162924656259,7.04671804591375,1.4484781214114772
TCGA-AO-A0JL,7.16540387216562,0.0,0.0,0.456573198616535,2.88386540758811,0.372712815197171,0.0,2.12446304662388,9.10351051119091,0.71281325906459,0.11676397129772323,0.09450633868149234,3.9940094120853096,2.7966185180762118,3.474007649143386,1.2133161720709982,3.8056948680464684,0.9344032705861745
TCGA-AO-A0JM,87.8436576665524,0.815718117174627,0.640921682980865,2.82539641914065,1.54889406720376,0.427281121987243,5.49056241753608,3.69598170518966,3.583820410668,2.82005540511581,0.05283319976294459,0.5529672108798451,4.697973932916448,4.2352062478876755,2.888149004015846,3.470107311422428,8.51205697103408,1.2239785136904742
TCGA-AO-A124,4.54659940649422,12.2215230698006,0.375500397411353,1.09098088437082,1.31425139093974,1.30156556670287,0.0,1.53498473266127,0.76622378390695,0.388186221648223,0.9727661652544852,0.45343856134876015,4.934856141273441,2.531169329758684,5.176183124492473,6.708178957333752,5.483474003433949,1.131721171155929
TCGA-AO-A125,193.382782951995,1.04843897110107,4.64494169549733,0.480399280876034,1.4606734891501,0.519350573920037,9.98126884252571,2.51560434242518,5.19350573920037,2.8174768635162,0.0,4.3459072748976,2.9214553736457844,6.0011807232720695,0.35648190225687115,1.6695710760389657,8.942164052091647,0.3754009289063572
TCGA-AO-A126,20.1984938938123,0.0,0.0,2.01984938938123,2.4624193544351,0.0,0.672173931886339,8.41215692974587,12.7147356125629,2.33929838671335,0.2458607018403533,0.4651908879259823,4.376880733829592,5.2119233275246755,1.761540595022473,0.6611110979012392,5.809661389440773,0.9432087085884463
TCGA-AO-A128,35.0364108938682,0.193045361555768,1.68187465684204,0.288245813829846,1.72947488297908,5.82573878777202,0.0,3.67579524058244,4.55904388112527,1.80087522218463,0.6007454979620838,0.11676397129772323,3.1377658080958786,4.796763857904443,5.2485803750361395,2.4984040659465547,8.210597320065093,0.8471149900835858
TCGA-AO-A129,1.95339066091793,3.63208576014427,0.335739019845269,1.58712991199582,1.49217342153453,1.1869561307661,0.0,4.46973765814207,4.71391149075681,0.729130194613463,1.0304067104260457,0.040541793862846835,3.7774197155158307,3.3338673514885313,4.281549893366642,8.92427540048461,3.611974965783738,0.8544744706261549
TCGA-AO-A12A,76.6326883771873,0.13326265259923,0.386461692537767,2.0422501510832,2.6652530519846,0.636329166161324,3.15832486660175,8.57212012844547,9.00855531570795,3.92458511904733,1.2814905464018302,0.8671848224574119,4.075044804825929,6.38241825224835,2.666461206757238,2.961401073164279,8.149745087538404,1.2606279081266987
TCGA-AO-A12B,9.75518607041101,0.704901319041327,0.766435153036629,0.514496939760049,0.213901089915989,0.162046280239385,4.3509426244275,3.44753461209293,3.57312047927845,1.87973685077687,0.5646220524369807,4.243090180931072,2.641384179219393,4.268591590262371,0.5164186416338685,0.34130265297300905,7.571379504078382,0.2692725780450138
TCGA-AO-A12C,35.5085346213281,2.61668318699533,9.69754291004587,1.93735197498692,5.13631905798945,0.14377380148326,0.589472586081365,3.69858104315686,3.49010903100613,3.20975011811377,0.2679552122912712,0.19093085956261452,4.237257770900372,5.7797141030017265,2.5043407239687356,2.37684601401632,7.2561011016968475,1.1607266114595358
TCGA-AO-A12D,17.0022368592074,0.0,0.154917875710318,2.25792803847788,3.71415607015487,0.658400971768851,0.379548795490279,2.58712852436231,3.10610340799187,0.255614494922024,2.4587494560941145,0.15185881672700494,4.266966397955883,3.698718555464415,2.9372313828907344,7.9396614837839055,7.116403227492066,1.9124965823810278
TCGA-AO-A12E,20.9405849721356,14.1831424963551,25.6544348731725,6.29437604432572,0.296695258477027,1.45852061643847,1.43633779337477,4.32287764453912,6.38310733658053,4.36447043778356,0.6822137023704204,0.17018145776525037,5.36968283678511,5.830982878093305,3.448464905985266,6.2009888166232,7.439308968141431,0.8747576280742646
TCGA-AO-A12F,3.12946335161886,0.0,0.282015592733095,1.82552028844434,1.51318043842811,4.30604453420425,0.121297029132514,3.34476557832907,4.43037398906507,0.385945313234416,0.6132487438002662,0.0174943794592725,4.593216307986138,3.7969714608347207,4.228649404346101,8.592689867963848,2.625270489374693,1.0984195577655445
TCGA-AO-A12G,3.89261485129283,0.338592917463824,0.290222915287443,3.2287299325728,1.47288129508377,0.145111457643721,0.145111457643721,4.07400417334748,4.20460448522683,3.05459618340034,0.2875904955239412,4.086265756503804,4.603377096961198,4.026189218648547,1.9129180701189041,0.41251057124980467,6.3349203972963934,1.1324452339269058
TCGA-AO-A12H,0.856865008463089,0.484961792984318,0.119009028953207,0.499837921603469,2.31472561313987,0.193389672048961,0.130909931848528,9.2797290326263,9.23807587249268,2.06480665233814,0.10178452416693216,1.6566794130304607,2.8750919653968587,5.613879319387141,1.9584715162391635,0.02431967919541289,1.3806186381773762,0.7187013661611762
TCGA-AO-A1KO,3.94679519000541,0.187178633672343,0.751388515170406,4.21686721858979,0.213918438482678,5.38807066928245,0.0,13.2682911468881,12.5088806902746,0.39307513071192,2.1069177801553565,1.3589588258323293,4.518591788198795,3.9044648297254634,4.209983556101428,4.397351193447715,7.610739181834594,1.1984312897404747
TCGA-AO-A1KP,37.1496382799596,0.573002132852848,2.31226618257286,1.58299074076014,0.847927398615578,0.115758006636939,0.115758006636939,11.8217864277974,13.349792115405,3.27305763765945,0.4095810199025518,0.11676397129772323,3.8744527235611628,7.09275819783891,1.062812492405021,0.22094900446677918,6.229382193294807,1.0425743019687415
TCGA-AO-A1KQ,2.76806926189923,0.178010885009597,0.54293319927927,0.614137553283108,0.239629352855668,0.182461157134836,17.52962190132,3.76047994582773,5.42488172066746,4.45472239736515,0.06708796480114695,0.19572554751205637,3.201100592718429,4.778155999090154,1.567691462019752,4.776640949791492,4.096287157356616,0.7389839547005117
TCGA-AO-A1KR,4.93504893781539,0.0,0.0,0.384414338314041,3.28310624073613,9.13243792913627,0.0,3.37141764278125,2.77401698188781,0.52467362391511,0.11822681379294767,0.26747587179649235,2.444481550408997,2.8463930208523602,4.803087514050663,3.1389618757148234,4.00924862415027,0.8588562961913365
TCGA-AO-A1KS,2.23654639290698,0.185582315324462,2.71687850413533,1.02670988775059,0.654452501548621,0.338010907501665,2.00238448868317,10.9065410005786,12.1223816571254,0.252174358394881,0.5847701285572751,0.15962918582122781,3.6086436780071036,4.774497173941369,1.7324428769375868,0.23707417130215755,4.424680275481532,0.8071900332019599
TCGA-AO-A1KT,9.48091831397388,1.45340280748976,5.84459462314195,1.61676978972698,2.09278737590095,0.371800718195054,0.0,4.01094108113452,3.75744059145608,2.08433735957833,0.08106688049188852,0.3511760027028115,4.7567724604106925,4.868153359414037,2.215088353045537,0.245130531411833,6.211722849540914,2.8072724799854716
TCGA-AQ-A04H,0.850029154216712,2.31231706986224,9.62375664808991,2.28259577076376,1.30476503042355,0.478512915485632,0.0,6.49707598292913,6.13744826383745,11.6477771166968,0.08215755908542595,0.0475383887633606,3.966448925415457,7.5493149215807565,2.7580259551760635,2.3976113198122384,2.7914807023862718,0.7841689205020281
TCGA-AQ-A04J,9.67789618876542,1.96486182833936,0.117130362345119,3.61054341928828,3.707175968223,1.79209454388031,0.0,5.3821401497582,4.55637109522511,0.471449708439102,0.9521844428964134,0.41608307420835816,4.9507203505347395,3.4738128824884535,4.3892295010688445,5.027813130451989,5.6899756147129,1.611172380044005
TCGA-AQ-A04L,2.32391350855341,0.0,0.659170836000677,3.2588598983911,3.5716297338404,0.356490350081999,0.94167262285811,5.64667262063845,5.88209077635298,1.53021801214443,1.0337929888493032,0.17874650598181624,5.1067084457497245,3.975896104793955,1.837418530104596,1.8712522588552531,4.19231254349882,1.2932527564278797
TCGA-AQ-A0Y5,12.9211073337874,0.81964573776799,3.61516751258885,3.89877117090401,2.74254087161913,0.613955172396556,0.0,3.93928597923475,5.15784675287462,0.23893390056392,1.1244604862743361,0.10003572116184384,4.729759398745377,4.09103121642027,2.580193734286795,4.359675776771419,6.87642976831584,2.195253095551949
TCGA-AQ-A1H2,23.1864104749329,5.07754353884558,10.6353250913345,0.220649898160467,0.677524981410376,0.36499646565589,2.28697129740437,5.19695407196771,6.36510059164077,29.1621288933493,0.07450543636362976,1.0362571490477717,2.908063510654288,7.272245326086219,2.1414981881343063,3.600257857887396,6.8979434470576875,0.49661573802968845
TCGA-AQ-A1H3,14.9364105855316,2.81881394021091,10.3255577048155,3.47396796147087,1.96546206377987,0.498247385916186,8.60233746402255,6.65614463616209,6.24598518587749,3.24548987842643,0.37462220619120756,0.2556820028122131,4.930453500783096,6.516634527960199,2.7803520982876657,4.042661845737216,7.362627685849067,1.6248963222090378
TCGA-AQ-A54N,16.1058441552241,0.734588102860846,0.0,0.734588102860846,2.11534193864118,0.685615562670123,0.0,2.46699171210767,2.90162300630034,0.244862700953615,0.4306064309298112,0.293135019043321,1.690193577824855,2.299244657796073,3.136010874022723,3.9426271015338563,3.954363839438512,0.7558276192222847
TCGA-AQ-A54O,46.2827885952263,0.0,0.0,0.0,1.33572261458085,0.0,2.07778999172431,3.13894814426499,13.6132396469365,10.2850641322725,0.15833702716710066,1.9510282130477454,2.8415303830660488,6.795452674463387,1.7868054329789038,0.9512893782161332,6.19475488487136,0.11862551354424566
TCGA-AQ-A7U7,42.8905637465643,5.4889487748644,5.22437622699245,2.36997380910642,0.670747304464081,0.801170391443208,2.53766063522244,3.2158606875139,3.57359258322808,5.89139715754285,1.7333109506368052,0.35185443913237907,4.930027640881744,5.857132540498888,2.6293799361746863,1.5811101752255496,6.940399348684358,1.4422800352525846
TCGA-AR-A0TP,0.848491079224867,1.53768689836537,0.0,1.66772384537301,0.806229071447383,7.8542315992616,0.0,3.2736801409174,4.19369154099647,0.533151482731334,0.6373783948722948,0.01820685665331186,4.628114493416249,2.2711866015972526,5.376620314860872,2.8789607042041396,3.1865164043834837,0.6288202458634294
TCGA-AR-A0TQ,15.7062632755727,1.12618869216458,0.863673845506169,1.45170710202101,0.456026090783577,0.162759204928214,0.328143558323013,4.72789238831797,4.9536551564442,5.30542505096647,1.0739572999433245,0.09774562163851885,3.790438428185201,6.133512152652298,2.1668118356242903,7.082323644800006,5.485362419703954,1.0716253939737697
TCGA-AR-A0TR,34.4961901509472,0.552483360997418,0.182506754721447,0.707614156942506,0.108863716452693,0.108863716452693,1.37712601312657,8.41516528179318,6.93461873803656,2.00037078981824,0.9773165629087104,1.559638644922725,2.107118712612629,6.277268799590906,0.781905211416113,0.07176266930009127,6.722429136910401,0.1971105147126964
TCGA-AR-A0TS,3.23189534035942,4.40245245865875,10.4739135557718,3.70140451418278,0.382682134828628,0.89399692001982,0.128632650362564,3.82038971576815,4.34778358225466,1.17698875081746,0.7277897894726856,0.23952024689811735,5.76787987076514,3.884578385379926,4.289015525479186,6.860703377371366,4.8585231475896355,1.0371010360077666
TCGA-AR-A0TT,10.3602224474505,0.419457232734472,1.17670745820201,0.890882618197109,3.33709780733,0.244992720004205,0.148480436366185,3.93844357461305,4.23169243643627,1.75578116003014,1.7824085649273733,0.092478087200385,4.200300320270792,5.021235407994742,2.6157693941541016,0.8555113765744018,5.060760770457071,1.883503519237687
TCGA-AR-A0TU,0.807720761392179,0.0,0.0,0.266739170216235,0.855233747356425,1.13397659834667,0.0,5.07121936858384,5.59386221419054,0.126701295904656,0.21088754922081027,0.0,2.7418983820957386,3.650569276667592,2.6549395711327124,7.542603202675827,1.6740538192858452,0.4047941531476932
TCGA-AR-A0TV,5.04613026349926,6.96455045871962,20.0440652897041,0.294614529980269,0.935229845169924,0.167480823643016,0.0,6.94057020627936,6.29995489108971,1.99721245323834,0.17925624719050748,0.019488429591360157,3.238022517825721,3.5518605006862147,1.4586444793756743,0.29760229865200793,4.771267600938304,0.6605635855451842
TCGA-AR-A0TW,28.0873507049792,1.94129255226995,5.40575310709017,0.590683887699232,0.132737952291962,0.0,0.0,3.68679662490925,4.34384948875447,23.9757926327357,0.35873382660528425,0.018349309878891815,3.017743786503007,7.056167306300426,2.0069442639752797,6.095561591414326,8.26523434040918,0.3859279565948242
TCGA-AR-A0TX,4.08727216537799,0.13037550766756,0.241194689184985,0.863737738297582,0.863737738297582,0.792031209080425,0.521502030670238,3.51687931933242,4.61203358373992,1.15708263054959,2.3381391280432795,1.1259816538547154,3.9636868133343275,3.986247086763715,2.524189078449365,1.7905218378369392,6.384631811306191,1.1497146077008094
TCGA-AR-A0TY,1.65333400856016,7.57702798822836,7.60112028707805,1.20461494248464,1.67742630740986,0.120461494248464,0.0,3.35786415217592,4.04750620674838,0.298142198264947,0.14704614341731534,0.07983888066667044,3.671440578750862,3.537171798600228,1.153740494395351,1.8148374983888103,4.285868245059895,1.258518924711301
TCGA-AR-A0TZ,21.0494936257138,2.72527651173436,2.25815540448326,1.36989920572082,0.488903956812025,0.0,2.29930078698725,6.57115961754776,7.54170658131817,2.44936041729589,2.050466870350662,0.06695024392462703,3.359605503214515,6.100643418290428,1.7855923987042306,1.1204846568954558,6.530877599028123,0.7356088230453932
TCGA-AR-A0U0,8.36369837116301,0.0,0.0,4.13322303226079,1.58222021958942,0.422673486556986,0.0,1.5448154862658,1.28298235300041,0.534887686527867,0.41066673265765213,0.10902617649836696,4.81157892035544,3.08586650742246,2.9958824488320057,1.0393489909500135,6.582446110746632,1.3951176537994758
TCGA-AR-A0U2,5.72377376546584,3.04501132102519,3.9621469375964,1.36813629930754,1.19560583678425,0.251228568235677,0.326899823728351,2.14603680577223,2.05523129918102,1.49526400853523,0.28912622017512163,0.07107616201095888,3.161468514549981,4.514065435176913,1.2325993642057047,5.970745540170145,7.102411432933515,0.8557505567646467
TCGA-AR-A0U3,51.0587513524162,0.567557464549614,4.15594487752225,0.664245786647827,0.0,0.587828129776838,11.8976413466832,3.76797831186953,2.60995689620916,0.840594225580879,1.22490464410609,0.20651820166511536,3.510367001308477,4.020262161920494,1.9207506211280514,3.1849308682468336,8.705720155838996,0.6196477669308752
TCGA-AR-A0U4,1.95950884599579,0.58819462741933,0.465084124005982,0.872032732511216,0.950686665247522,2.04500225114395,0.0,3.92927690060936,4.03528872299308,1.05669848763124,1.0802483300921204,0.019203733973092663,3.943930700759813,3.3816156248464537,5.079800488824573,7.8423754882062875,5.307603386720961,0.9510655252521906
TCGA-AR-A1AH,0.57310717442063,0.13251032934581,0.0,0.669177163196343,14.8610334361326,0.427345812140239,0.0,3.92230574863599,4.51197671422484,0.13251032934581,0.21772704203304308,0.17912882877215228,3.2052673822345095,3.0546574938923707,3.711583007473961,0.028852005847493426,1.7808140092968006,1.5365005637225033
TCGA-AR-A1AI,6.58125891187695,0.228537381266492,0.0,0.444721390572633,3.69674655913501,4.28970841323186,0.126622062593597,2.55714799579264,1.82829905013194,0.253244125187194,1.49523465454731,0.057138304393541776,3.4794245978846976,3.2924725671626796,4.773421452698585,1.9791839399719666,4.704324211678261,0.7484612330040358
TCGA-AR-A1AJ,6.39341432167535,0.311873869350017,0.0,2.47160041459888,2.86144275128641,1.55547092338321,0.0,1.47750245604571,2.85754432791953,0.55357611809628,0.6429325693584863,0.1267086021969683,4.81155837053451,4.62830117227325,4.305343125870828,1.9451581954535142,6.068335461164722,2.148120631123964
TCGA-AR-A1AK,17.3387452347715,17.216469175288,19.6945973141552,2.99576345734769,1.89527892199548,0.982284344518086,2.22134841395169,5.13559449831033,3.7864819753415,6.7211074029474,0.6033118106000482,0.7946030146487562,5.159540386952335,5.849373822667431,2.887154801479621,4.045670121428452,6.069770897486462,1.4329594072761063
TCGA-AR-A1AL,31.5886933980976,0.0,1.38439082268951,6.79580635156698,2.70409048544026,0.520763837507037,2.7493742973974,6.54997994379968,6.97694159939552,0.426961655595831,1.5720650356225427,3.744720838777454,5.753599188201277,5.866806620064788,2.9133777345279297,1.108089491840297,6.812591920456473,2.0633648787584296
TCGA-AR-A1AM,22.5354081048857,1.21193328471042,0.738806176565214,2.67498788066715,1.42302076372906,0.858907673248229,0.767921690912611,6.92949241468063,7.35894625130474,5.56834211893979,1.028498430118231,1.1081564180593564,4.829474126213634,6.269048112093806,2.4494821397578397,2.5347339727562277,6.376345956035615,0.890018587483822
TCGA-AR-A1AN,21.2609280880495,0.592639110468278,3.24985251338311,4.27086663304857,4.1227068554315,0.747240617546959,3.96166361889121,6.2645819014174,6.75415334049989,0.763344941200989,0.8085086166739743,0.8519988371124464,4.963807015190659,5.071766958943574,2.66067766775564,0.514501036274285,8.359844858491016,1.382667252745041
TCGA-AR-A1AO,1.31214608786478,0.807000645588196,0.249492566002457,5.41183257365824,4.74651906431836,1.59552036036139,0.314175823854946,3.85327407492684,3.66538461164104,1.29058500191395,1.5515406262887665,0.48645695576873105,5.375995117476828,4.430439170084252,3.9182812726556957,7.557662046564251,3.772054551933325,2.4948763799455143
TCGA-AR-A1AP,18.0243741481925,9.25026118028034,7.67464345935285,2.58418620712558,6.64443187259257,0.173144804497526,1.43277325721703,3.48453919051272,3.26810818489081,2.15998143610664,0.2661568636466181,0.2907782513201796,4.972711032167982,4.353704383350626,2.4084401414616443,8.41401160949652,5.5157408323148,1.796307026274339
TCGA-AR-A1AQ,1.41222813289795,0.205351582360787,0.0,2.76065077786376,2.52244362291712,4.89600777399259,0.17014796781903,2.48841402935331,1.82909065405457,0.854993538290626,1.1068842886915429,0.7771145736314252,4.375658093178998,3.3092780691240415,3.962586038356883,3.9990258520354622,3.3113141925879606,1.337425664282688
TCGA-AR-A1AR,0.488444798531996,0.0,0.0,2.90165226850691,5.20362973485572,0.0,0.0967217422835636,4.59186471491218,2.07468137198244,1.21627590921581,0.28451413324424535,0.06653700239579126,4.741860640121811,5.575971801413278,3.271754338849216,0.36591645385806115,2.9087360644126288,2.030512652025287
TCGA-AR-A1AS,41.2659562292051,3.56779044454384,11.5908592067118,1.24426691753466,7.17571853158879,0.668960708351969,2.43055724034549,4.95030924180457,6.14105930267108,2.0960768861695,0.6258315582335494,1.4896970614949667,4.690076217164171,4.889531950054888,1.9406929797255972,8.395607821345035,8.884722759501958,2.346559827754682
TCGA-AR-A1AT,21.7423280989473,1.05626959380097,0.476723444989816,2.33220587303841,1.46288664982169,0.186950370584242,0.930078093656602,4.22507837520386,4.0241067268258,0.761822760130785,0.7779561878431875,0.07765318565016138,4.845128704676713,4.151428606115423,2.433092983966252,6.306570303607045,8.178870473298755,1.5507529408689527
TCGA-AR-A1AU,7.31338992528219,1.40993719232604,4.06104104024083,3.48440837305512,1.12865296443057,1.51190272493814,2.23620961176898,4.31068079249806,3.50198863729859,3.28750941352829,0.6658475212555507,0.28321061798453095,5.2298109233950205,5.501751217615844,2.931437229622646,2.650902389638564,5.357960124020361,1.092072094502929
TCGA-AR-A1AV,78.2003438634414,1.08179473388489,1.90384455805072,3.0455804249477,2.91428080025454,0.194095097372487,14.3088047518864,5.88850273352118,4.54981742958447,0.999018883534858,2.0189545792130525,0.8963106043658223,4.980317832310682,4.458073534740932,2.3347684771847117,1.1008431244331118,8.15531259028532,1.1627900919574043
TCGA-AR-A1AW,1.88469213799215,0.301178150552288,0.12419717548548,0.912849239818275,1.3847985066631,0.431585184812042,0.51541827826474,3.01488643491002,3.14218853978263,1.08051542672367,1.8317961886316985,0.5387367998742167,4.225945830674928,5.193342024324798,2.378789037934113,0.6136259436300869,2.5759657525930435,1.6460243730507966
TCGA-AR-A1AX,12.2834419043651,1.00398743213607,0.246466228827627,2.76549606758058,0.241634040941259,0.402319873527449,0.442189410543683,3.16781594110803,2.92859871901062,1.163465580201,0.8807247017839409,0.17133494739876848,4.3091325217135665,5.071968557801388,2.2930467096989147,0.8586176303812761,6.009700994082525,1.6790183632106137
TCGA-AR-A1AY,2.45761307240277,0.531477673633115,0.523938983226972,1.1609583225461,0.380703865510246,0.271392854621165,0.0,3.12855651854954,3.8673481783516,0.610633922897622,0.37762353763572676,0.13566619696904392,4.1252791398928474,2.744010358363311,4.104948836530521,7.3361941094188525,4.338388757026024,0.946131951910697
TCGA-AR-A24H,35.1078841255309,0.845329251759825,2.99023077274812,1.3117178044549,0.527116228827247,0.217647991257702,2.10360670121841,5.28816603758948,4.7124676678565,1.90927813759547,0.20526738223450958,0.04012091720087747,3.075361482814243,5.524474328927965,1.997292407636508,2.203858912884244,7.695867877924859,0.6969730884213128
TCGA-AR-A24K,55.106354687201,2.47254404258611,16.9689317034336,0.667712401348128,3.23564392984112,0.100407879901974,1.99560661305174,2.68340059038026,3.3009090517774,6.05961555208414,0.07436842178155338,0.07464243793449277,3.431783398803876,7.725553037743446,1.7126838140717147,1.1050075247609736,7.460667216713261,0.9153296760130096
TCGA-AR-A24L,3.48076817485651,0.101925861635622,0.1350517666672,2.9431092547286,1.48811757988009,0.501984868555441,0.394962713838037,9.49694215789912,7.72852845852107,2.36977628302822,0.17938365435629777,0.24731993497981972,4.877763878319434,6.961571240314523,2.595384306207668,0.13750352374993502,5.047555837799601,1.345226035342556
TCGA-AR-A24M,10.2168567054968,0.474105838374609,1.35777954759639,2.09996617416188,2.45492499556277,0.148933771217155,3.00349771954595,8.4222047623301,7.57328226639232,1.95351463246501,1.6282603383372987,0.2135028199839165,4.210700562629804,6.229849368300087,2.046560905757741,3.1766259620826984,7.483716638947437,1.3900072620915593
TCGA-AR-A24N,29.8139575549741,2.65559263107462,4.40617658319706,0.94012841873242,2.24226030904571,0.149623058752331,2.32060434394008,4.33323558519196,5.12207897102491,9.80381043557457,0.26759572185187913,1.6845943507356167,3.85181898857085,6.9790009706200635,1.8390727425958768,2.923358389369193,8.070159594765768,0.9539729080521749
TCGA-AR-A24O,9.86065404053144,0.429658346597966,4.63320750115366,5.97024533715792,1.95603683415438,1.16990810650373,1.80128708461685,7.8705722614788,7.31966315312519,1.68367727496833,1.8283878626164216,1.0755326311673576,5.658397164223358,5.51180640797842,3.061465163932325,4.629956889483573,7.16358829413638,1.5041627249152498
TCGA-AR-A24P,25.1212946049672,1.34049120470276,6.27828436441923,3.57283051314286,4.92963601242618,0.266466811482496,2.84412535521114,4.80184070487846,5.03295987810307,4.32328806384867,0.27130614379733703,0.25338423580007446,5.315225658449345,7.307928463545969,2.067638716875363,3.4008794362821844,7.276343119878297,1.582556003014061
TCGA-AR-A24Q,0.86453084417963,0.0,1.50833040899425,1.39533701598597,1.09840089017351,17.9869715149227,0.105110133030958,8.28793398949105,8.37464984924159,0.32584141239597,0.7484612330040358,0.11729608565724152,4.289790210049639,2.988248404357877,5.89718232930275,5.949593293286468,2.810134582967022,1.2525973167157372
TCGA-AR-A24R,14.2444884358288,2.6490244304575,22.9291221956177,1.12323140037464,0.993736050958019,0.337813954999893,14.697722158787,6.88014421683116,6.09754188774807,16.5922954230781,0.08732705179747538,0.13395801010054917,3.3344252575702646,7.764677891778564,2.14782766837732,1.9034625297956898,6.095460320637918,0.7530054281952
TCGA-AR-A24S,6.68593933215733,1.5215147419836,4.86721113699056,2.72127547042945,2.64220033150916,0.340841116035753,1.81327473731021,3.22572032216237,2.7703565911386,0.760757370991801,1.7561693281392987,0.36412414672062215,4.659684850230985,4.455550800159288,2.8735966794459413,0.5726956795752051,4.802601664165216,1.9057744798231486
TCGA-AR-A24T,5.98628580210657,0.12154895029658,0.537854105062367,3.33955740939854,1.82931170196353,0.388956640949056,0.720177530507237,7.80648133279785,8.07388902345033,1.58925252512778,0.2916035580305647,1.5246153660187558,5.937862238020594,5.38787257792872,2.666597545869725,1.249991368358195,5.860523369238632,1.8066540142320602
TCGA-AR-A24U,6.10395491886343,0.272904094733089,6.26163284026477,8.83299586619432,3.23239738872748,1.3675527413847,0.0,3.40220438100585,3.23542965644674,0.339613984556733,2.6099203993655484,0.15042969819420524,5.621952218797247,4.3525819902777565,3.225583428756854,8.334619669331435,6.220606625493196,2.5361772651418764
TCGA-AR-A24V,4.07163893732423,11.190063627885,41.6162604617096,6.01858224910069,1.72753029946499,0.361059387347988,0.266628470656976,4.66044347669172,4.63544705756763,8.64876101693565,0.09261339271428384,0.3373114773309574,5.933435726803454,6.577425806681714,2.652578273790654,3.192509818941948,4.152394371410216,2.1939924667360073
TCGA-AR-A24W,29.9946704876422,0.152325941986672,0.406202511964458,6.80727709633771,0.265385641150113,2.82649247908602,0.311421925839418,9.88087610353544,7.63322220399877,2.37628469499208,1.7365615829905527,1.622040102088664,6.304463583955679,5.643111567004425,3.425110136760606,2.8896098230751286,7.9677404065603525,1.2395813456822826
TCGA-AR-A24X,22.4680373747893,0.373321128221248,1.01680886239208,4.42090809735688,5.94366533089092,0.196484804326973,8.46358294638435,4.27845661421983,4.3226656951934,0.820324058065111,0.41575866652249804,3.295708333069636,5.226281164117236,5.696041122935448,2.0827707036354433,0.7037208897009909,7.1786090839771175,1.4855813933587247
TCGA-AR-A24Z,8.17626680602915,0.40660353846199,0.81320707692398,0.998830431439236,4.26712735201143,0.393344727425186,1.082802901339,2.59209755769519,2.15897639715959,0.203301769230995,0.1048733767260183,0.07354606091515468,3.6699111658641868,4.1141087827514164,1.8696345558133933,0.5777309314900803,4.733804434638125,1.3473821913151116
TCGA-AR-A250,35.6169734328259,0.103801744066524,0.0,1.59854685862446,2.70922552013627,0.900480129777093,0.275074621776288,4.92020266875322,4.42195429723391,1.06915796388519,0.3216972452123536,0.13382652729882785,4.518314815325142,4.214451240357377,2.6811118848618736,0.1997508567158369,6.546713918837737,1.4192692036840642
TCGA-AR-A251,0.867203287702647,0.65761313612928,0.463405747974142,11.2717198947071,2.83619700523593,1.08063913013057,0.0,5.14553436339753,4.89556445785131,0.703761426383967,0.9684225798331205,0.07327183642451936,6.2098958542159695,3.8473655893638536,4.571695010382294,5.987982480051892,3.598257999760575,2.006298023900369
TCGA-AR-A252,0.456846953879972,0.0,0.241703911645799,3.29620389398282,1.87785346740198,0.31341825905719,0.358571737056955,7.56984778231349,5.69465040185267,0.836667386466228,1.4132149460607681,0.4296427425154578,4.341793659657887,4.51523936376514,3.2482463897360163,1.7106136023826763,5.364152168650347,1.8613996111574385
TCGA-AR-A254,29.6050928165949,0.201258278834772,1.61509768764904,1.83899752285273,1.19748675906689,0.417610928582151,2.37233196176487,4.25912832584086,4.13334190156912,3.34340315714265,1.0500488796072223,0.10902617649836696,4.337875187572793,4.570790779008565,2.431703181488846,1.686612576815591,7.379691133712356,1.4955416762639169
TCGA-AR-A255,6.8320094303732,0.312595240105065,4.0667438448284,2.32342423655015,1.28644964197085,1.88158288755549,0.646230544447971,5.63272576881627,4.02766943981526,10.6943640797483,0.4604804700400108,0.34777902670226174,5.264979229883071,6.696042514377419,3.1308320517134,1.2373801576531505,6.085586117562309,1.3889058840390696
TCGA-AR-A256,5.31624873337947,0.200843423147063,0.19146147183778,2.83228718770807,5.57321027258686,1.07923846467102,0.0,2.56961539207386,2.39830769926893,0.808001284396558,1.3498181719758604,0.0,4.854634043133882,4.302691924437029,5.487048946819925,0.5398288106230532,6.12941697526508,1.4733713140339082
TCGA-AR-A2LE,38.0495627891465,0.954814793144284,0.332445636479386,1.020530791053,3.01520460992932,0.0,0.0,5.07172877977855,3.77287140934746,4.05119798872555,0.3723949652380241,0.1495195214900292,3.697518078748723,6.2823044996663215,1.490878146326293,0.6081468699694196,7.11260631282478,1.5652559576245932
TCGA-AR-A2LH,9.15678090396549,0.396168152382269,0.712135020970038,2.56156029931014,2.90168448843015,0.361381950940019,0.0,3.48627293848019,3.25243755846017,0.552701807320029,2.140255134034916,0.7726458030926925,5.008549635297605,4.9794674966164205,2.495695162624069,7.847678150955081,7.822969727580407,1.6103220964420368
TCGA-AR-A2LJ,13.2737960632195,0.386007692695145,0.278203742482987,0.417305613724481,0.813745946762737,0.991100832595641,24.5306149934374,5.10156112778177,4.51037817500543,3.52275488919082,0.45407058313495846,0.966725768717807,3.906986772072065,4.794254691414879,2.900180912086946,4.345701517689723,6.041508030314105,1.0784048918675695
TCGA-AR-A2LK,4.86399129587571,4.65638191129565,4.46360176847131,1.45326569206043,0.949071472365993,0.296584835114373,0.54868194496159,2.08499139085404,3.10820907199863,2.0345719688846,0.17030966883317647,0.1889072666425881,4.2130828282173365,4.498084884214164,2.1166309120363063,0.7300529775235762,4.762476388046985,0.7771145736314252
TCGA-AR-A2LL,27.7318913261524,7.21468754088352,4.70280406436701,0.614015960926257,0.80938467576643,0.139549082028695,0.54424141991191,18.9437878853953,17.3005974445074,1.65365662204003,6.9351308607155016,0.09572192227332565,4.683280988135263,4.153424349447003,2.280778192336801,0.4170558598131493,6.202525469082283,0.6695710760389657
TCGA-AR-A2LM,53.9758549205603,0.259266444854631,0.332772755593637,2.09407513151817,1.74648715050427,0.290606344782114,2.01999900441685,6.14262038578665,5.7807869957148,1.77212888680858,1.279233550817845,1.9862288802273995,4.489009790097172,5.532556972897766,2.6841230247898933,1.167550616789962,7.347267017753449,1.5191392826429724
TCGA-AR-A2LN,37.5090817504434,0.0,0.0,4.10444436447521,2.48281113090341,0.402890244365665,3.03174908885163,5.81169177497471,5.8821975677387,5.38362089033619,2.0581432925122924,0.7522347806196448,5.5489205245622895,6.0148127583168955,3.2430444684018505,2.59378400526066,7.019248221366931,1.5556689337705392
TCGA-AR-A2LO,47.016354488683,3.27487247279316,6.80479731885681,2.84128343823331,0.46854141179283,0.862077021654273,0.204041898616396,7.08025388198894,7.38121568244812,1.49970795483051,0.5480419874670509,0.16915535883089372,4.797640776832055,5.771286091288436,2.893672851889234,2.8809009829727588,5.949880391436347,1.1278973644860635
TCGA-AR-A2LQ,13.077995070119,0.457729827454164,0.874590920314207,4.14000281438454,2.46029782256613,0.711115981937719,0.298341762537089,5.16172117923758,5.28841425647936,0.653899753505949,1.6867022102560776,0.6125884066987176,5.776980395995557,4.324436202836839,3.516330386825937,7.50295508907123,7.068462301231372,2.1295467999215916
TCGA-AR-A2LR,0.175972236930568,1.14381954004869,0.21368132758242,4.12214965009856,0.915055632038956,5.16918445983545,0.175972236930568,1.781718898922,1.99288558323869,0.25932676611984,0.2811937749526341,0.07519031415521925,5.6712452440969825,3.2587601074829395,4.11517477464462,4.647987917083081,1.6515454246881287,1.885144810701272
TCGA-AR-A5QM,55.268734435401,7.64307838315298,5.29272133122386,2.40337262452903,1.02938570131482,0.954280306798291,9.46769767346638,6.37512260513858,7.39125441330343,4.2059020929258,2.249111555989338,1.6193660547470357,4.86504778922595,6.220540848476706,2.792084876582063,5.854197670199509,7.887423523035564,1.326364766640746
TCGA-AR-A5QN,52.5603890018335,0.366365668919925,0.130844881757116,5.65904113599526,1.56686745904146,0.179911712416034,0.1406582478889,4.41274363725873,4.9132253099797,1.53415623860218,2.1785553065857526,0.19874558184482394,5.97654923100256,5.104579884405016,2.884187617615003,0.5558161550616397,7.61628564279094,1.5223068928713885
TCGA-AR-A5QP,39.474216130896,0.0,0.374924712233747,5.43434830149794,0.741609320901918,1.00941268678317,3.50204401537017,8.13710227100715,7.88577911225706,7.82809838729802,0.6379347755351448,1.4136482366120262,5.631517586144406,7.000222022698734,2.834407841806995,3.8082202795008575,7.10967188380785,1.726961968965959
TCGA-AR-A5QQ,2.14534651559842,0.171285150945981,0.0,1.22897095803742,3.05315781561212,0.680858475010276,0.0,3.90101931279472,3.28867489816284,2.00831839484163,0.24245007367770144,0.07189993156563308,4.835742210476053,4.019568490112639,1.9219313629606425,9.741484345828157,2.887291301223402,2.800351183299108
TCGA-B6-A0I1,33.4517176436699,1.23885319049102,0.0,1.59281124491703,1.3380687057468,2.06207381707272,0.0,1.33002420450984,1.20935668595552,0.970703149259199,0.17491769523958806,0.016353683577834812,4.689740848374848,4.3896081096937944,3.418540794627161,6.349225488507199,7.633950620748542,1.1541295007901824
TCGA-B6-A0I2,4.33167822237316,0.0,0.0,0.408714800014241,0.139731555560424,2.77017808898541,0.0,6.20058777799383,6.96911133357617,1.43923502227237,1.6607917409456707,0.021479727410451392,2.992840926185682,3.565926131305021,4.365524576892216,0.5456718944580412,3.198667015237449,0.2076430126865326
TCGA-B6-A0I5,21.879827576273,0.400713659825402,1.05133476341288,0.271451188913982,4.31736652844142,0.0,21.0525477624399,5.06278011069728,7.24731586910027,4.55865647414274,0.08093048767298393,1.1168304963267113,3.034532678938597,4.682101310556454,1.5434958834257717,2.9594734264895473,7.324410999307233,1.134352386623363
TCGA-B6-A0I6,4.40288753051754,11.6295114407895,0.459470532566674,2.0921522308133,2.1769089309955,0.673592722500657,0.0,5.09432376884603,4.50102686757062,0.0,1.355636523573255,0.11862551354424566,5.2168118084611805,2.439224180544604,4.35245487187144,9.502431055027358,3.4274452684516525,1.10010302202911
TCGA-B6-A0I8,38.7946713070782,17.4323710248597,36.6844369198583,0.902201658304144,1.51692211023341,0.256898099313722,0.437338430974551,4.25105188150088,3.99721209289328,4.59358268058585,0.06364099264269589,0.11143200536198733,3.993411700326279,5.303784400564989,1.8581401802806508,10.415621785148229,7.1124353363833555,0.8879151356381335
TCGA-B6-A0I9,39.7713116371304,11.91822418265,12.8486644563376,2.12999250345703,6.5760655651086,0.114515725992313,0.712860394302151,2.03551702951337,2.29890319929569,2.2301937637003,0.22958792274065168,0.5703657765736062,4.067750562703984,4.825454929560172,2.321177698346086,1.934176781921816,7.558644179754964,1.263154625411455
TCGA-B6-A0IA,15.6962114670504,2.97968496925023,5.20003086569153,0.420075346172431,4.0978678233022,0.135278979188893,0.0,6.03626503448111,5.610138044255,28.0122426732847,0.12829340100981756,0.6661203025958312,3.29606088707228,6.7193107798113365,1.6050675781553903,3.5982818239074956,8.32257626034759,1.5101011075818653
TCGA-B6-A0IB,35.4565201964499,9.44376215758712,7.97661747109571,0.65974386330449,0.317305381875016,0.125665497772284,5.78061289752505,4.08412867759922,4.31346821103364,2.02007287668946,0.07833657112117902,3.0555427479622854,3.3669656001862194,3.683752589208213,1.4124021753640412,8.879826435031163,8.14925479202551,0.5324665828657384
TCGA-B6-A0IC,13.031345374085,2.92964816209731,3.11941241749492,0.306742221053667,0.478309904015888,0.441916759145114,0.103980413916497,6.27781749020853,6.13484442107335,8.68496407237544,0.06405506441044337,3.130255477779717,2.64408700251674,6.474466869740037,1.2488991070763262,0.5675454476437468,5.961764535107799,0.21499513461492328
TCGA-B6-A0IE,11.7383552164851,0.0,0.112652161386613,0.540730374655742,2.32063452456423,0.633668407799698,0.292895619605194,6.44651993534892,5.85509608806921,2.802222514492,0.46529538939579645,0.28983446517750894,3.4799160407023813,4.813386159296783,1.7888109753668842,2.389181307388236,6.077183170290945,0.9958824488320058
TCGA-B6-A0IG,45.7364061959252,0.163166523494956,0.43142335025785,0.73286658857904,3.65603634000563,0.110621371860987,2.47791872968611,3.62008439415081,3.4292625276906,0.271022361059419,0.5554235315619,0.23241517077540189,3.4265599737123416,4.23135560194006,1.7763145851162196,2.2286340137110807,7.4774620080415835,1.3793437073146053
TCGA-B6-A0IH,32.0419490683367,0.0,0.0,3.09504153366179,1.99878254769303,0.902523561724276,0.348941125335554,9.49776104222929,10.1073188404619,1.67746525870219,0.7721390312213534,1.6652563180215438,5.169848857194664,5.13842131042025,2.65642772363686,1.5715797372323068,8.134657851628223,2.2332131725203115
TCGA-B6-A0IJ,11.9971932270862,0.857770337009063,0.190100453066873,0.375564309717482,1.06873547394913,5.3969982285327,0.0927319283253041,5.65896592605168,5.31353949303993,2.22324798159917,0.6870606883398922,0.0439043942956211,3.152783740892268,4.096143760464671,3.797697835923698,9.224761422171477,6.334196399123053,0.531768206911696
TCGA-B6-A0IK,5.15323972877868,0.0,0.0,0.282597017384637,6.25592220837755,0.242754162604196,0.0,8.49453387550292,14.8557373256512,0.58735850672101,1.4949787531966403,0.12075005333492556,3.7193587003041437,4.925140189706452,1.8202402437348526,1.9381352092008393,6.987717643462958,1.80277224712483
TCGA-B6-A0IM,17.8229310753956,1.85300310420897,1.65992970904782,1.47688610064829,1.63736268883418,0.100297867616183,0.11534254775861,5.81978376842899,4.60868701696359,1.92822650492111,1.0637100128575585,0.05491791912895793,4.364005047446804,7.134133644210681,2.146915848087275,0.37417703298983873,6.938339903696933,0.9759969576164432
TCGA-B6-A0IN,0.733840863430096,0.459141074980328,0.401149595068966,2.29962965759378,7.21675587084464,0.330760521276597,0.0,4.90927764786658,5.48222292091895,3.22183609024657,0.33696886223948636,0.27011027582361774,4.442499010980925,4.498059346624712,2.6932750678855863,5.551266831294008,3.5692723379191937,1.2521734132020268
TCGA-B6-A0IO,11.9758580759423,7.03204579122951,6.50779081554018,0.453963805764504,4.3521949378455,0.541827768170537,0.0,4.22039899423645,3.17481784160466,1.14223151127843,0.3119680510317164,0.3022898018932747,4.010233802446468,5.008231393578387,1.7779561878431873,1.5561596129946722,5.095088933626517,0.7677395355455784
TCGA-B6-A0IP,27.8516546519483,0.107837207054296,0.0,1.31561392606241,3.62063422684799,0.757556379556429,2.14056856002778,3.49392550855919,4.55881792822036,0.479875571391617,0.2229281800026127,4.722608101077522,4.2847214021248385,5.509882658211814,1.8672639110762892,1.4062101085315653,7.398621431711481,1.2226191127461579
TCGA-B6-A0IQ,6.89416439089832,1.24687034289537,0.27847607255812,0.213247442949912,1.85148956349453,0.639742328849735,0.323634354594572,6.07378893390278,4.59861838737868,0.597092840259753,0.7756827017390598,0.30158764660318677,1.8087968962315104,3.849578995820589,3.974400822471058,7.258956038800659,3.192352000745555,0.6542522134366909
TCGA-B6-A0RE,4.17388850160382,1.32001067453548,0.0,1.6629184754623,8.40308471303455,0.358885092141612,0.241715340155247,3.28896514437333,5.7520018219982,0.265477007169148,0.5277709887533527,0.1215459498469588,4.383151297386686,3.4419747408924244,3.106666575223432,9.583018249189506,4.432725618304585,1.3519674808594409
TCGA-B6-A0RG,16.2966351175601,0.651294927393737,0.746374478838078,1.41193133894847,1.80175749987026,0.190159102888682,3.29926043511864,6.41311574492081,6.40360778977637,9.30353410882878,0.6744606515602588,0.37373172237872887,4.116805549800321,6.573457845011143,1.9583972729785002,1.8693976665584529,6.758405789058848,0.8587767453081926
TCGA-B6-A0RH,77.6373883494362,0.909823419259726,0.593169306315274,1.20893553858541,7.29033323618915,0.225969259548676,10.1460197537355,6.7225854715731,8.27047489948153,1.3529909415477,0.893983426141741,0.6452405126452653,3.6280969910349024,3.821873452762942,2.397885086377425,9.179724015194292,8.50987949203574,1.5579736764276149
TCGA-B6-A0RI,66.9846121867007,0.952226150273991,2.71089790012856,1.27170267626168,3.99810914561295,0.124068553781628,17.3975129540287,6.28097053519489,3.6817343334698,2.6147447709478,0.20439116292978055,0.43861223210088557,3.9711940460465676,5.041435749302514,2.334196399123053,1.9137989649506961,7.718958857715113,1.567253374550151
TCGA-B6-A0RL,18.7606409629993,17.1449211530562,13.184883354724,0.567026197451716,0.121941117731552,0.121941117731552,1.2255082332021,5.44467090671379,5.45381649054366,2.89915007406764,0.023752135898994976,0.310805431063173,3.7267876304211844,5.70162390658881,1.3129555418880228,0.74536642658117,5.1503972017690955,0.14925936549962288
TCGA-B6-A0RM,6.68723441614398,5.57496991631595,11.0544079124013,1.37156542616831,0.539072978444259,0.429893641037827,0.13647417175804,5.51014468473088,6.64970401891052,5.31566898997567,0.6633901654518928,2.4401017403875076,4.131564791709686,5.892582886738143,2.1826605197424054,0.8636213397422048,4.386341925390184,0.5062972654715221
TCGA-B6-A0RN,21.6023765912794,0.766834274289082,0.46241262771201,0.905558062602685,2.87466516894299,0.15413754257067,3.12128523705606,9.52955356943166,9.77232019898047,8.06139347644603,0.5192399486612869,2.7781244517856325,4.20305233644913,7.542500284551851,1.8718436485093177,1.3854310371935203,6.941825835315066,0.9780491557446874
TCGA-B6-A0RO,2.04147998700188,0.120263916760052,0.0,1.04930267373145,0.532167831663228,0.123270514679053,0.342752162766147,3.08777606281432,2.69992493126316,0.754656077669324,0.8918857513003865,1.350610395199237,3.4337072774958544,3.7673157992248276,1.3943495039915499,1.9376457069050639,6.666162920021594,0.484086559411609
TCGA-B6-A0RP,55.5979806889327,3.88496506796819,6.00327576235602,2.12668346393086,1.29777927917041,0.201567170348294,2.75743210283949,5.08227111262218,6.36609577588753,2.92209657051918,0.15380533607903546,3.0956881698889642,5.013569452978944,5.593075843136754,2.0134622598065626,1.6559928839623106,8.264273689456115,1.0376633532050004
TCGA-B6-A0RQ,11.7195540720757,0.443264503620549,0.0,4.42066491448601,0.648155733340029,2.75542799547909,0.79753347503581,12.579127805448,11.4649764855369,0.262641406468207,0.7661286749911331,1.1599520447329228,5.161476576618346,3.892002368841848,4.198164087607665,1.6930966103857896,6.2431587470092245,0.7480317955724115
TCGA-B6-A0RS,4.89611960043361,0.485227375326555,0.637226312175837,2.11921594645634,6.99195109506699,0.120170359473043,0.0,3.03997873698565,2.35013740820813,0.543688504883971,0.4818155736178629,0.10889240163240911,5.6650914200675615,4.016817200060823,2.5249663318161124,6.464911635923981,5.569794861997716,1.7907303408709745
TCGA-B6-A0RT,7.02117209904376,0.95729398137201,0.138207641771763,1.15241122598287,2.10970520735488,0.231701727975391,0.121948277881785,5.4388931935276,4.65537550813713,2.36884529785367,0.9976175871509766,0.17657809430131693,3.4826418003085755,4.4961747022797685,2.5841447418110723,8.046042985963913,4.26849428004786,0.9307751782480175
TCGA-B6-A0RU,1.56575052592339,0.574587348962713,0.54011210802495,2.91603079598577,0.818786972271865,4.92708651735526,0.0,5.44062396049068,4.77625733825255,0.283069020998108,0.8348729891891611,0.2554403048654443,4.986506504944121,3.446653247286251,4.517622150415071,7.293665681146455,4.7631778346901354,1.0855606248726257
TCGA-B6-A0RV,2.97620415048958,0.449983120896302,0.178482252405195,1.2196910908505,0.888124580716385,1.46836597345109,1.96966295901101,4.20378968205756,5.13138646636134,2.15123509551302,0.8700292848209967,0.3135941465723912,4.588006979395445,5.223951492628302,2.3659164538580613,1.8760552102701673,5.387097112373033,1.0676387168753634
TCGA-B6-A0WS,5.05525284828273,6.19277065438849,26.0495014207907,2.22348646691973,2.47092236432038,0.137464387444806,0.955377492741399,6.77012108165668,7.19626068273558,1.89013532736608,0.9715895355300618,0.26207228839841024,3.9993235781508236,5.2170523074159165,2.193834810653838,1.7968884232474476,5.8910181124324685,1.4052844488332579
TCGA-B6-A0WT,14.8243640860888,0.244324088769489,0.0,0.836810004035501,2.18059249226769,1.0505935817088,2.16226818560998,5.00864381977453,4.98421141089758,1.76524154135956,0.8058702434784589,1.7509923152159392,4.075079043635528,5.608324321051535,2.23887855339185,1.2041407167802254,6.807362650760336,1.2455565090712064
TCGA-B6-A0WV,4.01059198767825,1.54253537987625,2.1405644809975,0.379701016584923,0.95874506687693,0.379701016584923,1.21504325307175,4.86491927499432,3.04235439538669,3.38883157302044,0.04110277181912811,0.07737974079701358,2.890154816553701,5.683396095475524,2.005687420137004,0.7908554282288269,5.815352552151024,0.5904343519312156
TCGA-B6-A0WW,20.2270972155041,4.0805084198037,2.67694935168814,1.27339028357258,0.769693682514984,0.0,0.0,10.4418003252952,8.91939149737952,6.25942068280568,0.48067873875479855,0.11609855223657987,4.3281542964627855,5.028025387081316,1.8606053067598542,1.5457213111303951,7.976896298818424,0.9759236108083799
TCGA-B6-A0WX,5.16705361700533,0.805683706931512,0.268859365620591,2.0818877396549,3.75630074079181,1.18475848342203,0.0,6.13609018003549,8.83432626366717,0.0,0.5857317329659271,0.6745510431545921,5.314493519107024,2.9684963089779375,3.4785576985995044,2.5868127723531114,4.425573437516563,1.32964029003823
TCGA-B6-A0WY,1.45025852800572,0.747789553502951,1.21718126457623,3.17244053001252,1.01971302750402,1.08121952757569,0.857853816789099,5.71686732245113,5.59709150652208,5.39314890102128,0.9445586338694506,1.3846577110944294,4.704019814692978,5.022088125034508,2.9550523656714756,1.6907746518503874,5.207760130083726,1.1719753766900989
TCGA-B6-A0WZ,26.0844289355602,0.0,0.269815660052343,0.539631320104685,2.25633345718772,0.539631320104685,6.22262365995715,7.36934021517961,8.27659537210561,2.96459956482511,1.503908402450705,2.1527675192617686,3.6943787830755443,5.071363676695388,1.2928406335380065,1.9140669566530397,7.424965744522995,1.2266318318078908
TCGA-B6-A0X0,10.4895583589232,3.40517069572605,2.49557030440197,1.28276978263653,2.20986248917838,0.0,6.29723347839749,4.40806343487824,5.17772530446016,2.58886265223008,0.9777561632495925,0.0,3.4385457003225417,4.99533074381289,1.6323147532986133,6.538327082649364,7.303948748450393,1.122606462651041
TCGA-B6-A0X1,4.86137719421031,0.230944284760585,0.0,0.230944284760585,2.31521645472486,0.551287102151992,0.0,4.87869801556735,4.47454551723633,1.32215603025435,0.3687124837283308,0.2046415656104211,3.040331370879628,3.057866124327988,2.930756258029518,4.478331183857413,5.236917328140728,1.4541758931858022
TCGA-B6-A0X4,11.5124853122397,0.295126683764123,0.0,0.208748600403259,0.208748600403259,0.208748600403259,0.0,6.91479738835795,6.76345465306559,0.31834161561497,1.0179219079972623,2.3592962588921975,1.4975868196632662,3.9875300688306736,1.9893570304461317,0.043764442310170244,7.025140669913431,0.37183761733042053
TCGA-B6-A0X5,4.30713826666462,3.79307657319248,11.4890293045909,3.3938053549617,0.399271218230788,0.0,0.9881962651212,5.86928690799258,6.86746495356955,0.993187155349084,0.034779158048019,0.0,4.763894870714372,4.17853937215889,1.0822256991275163,8.286078554805753,6.602676598170258,0.3520805137298626
TCGA-B6-A0X7,9.1921936253351,0.12417688112577,0.372530643377309,6.5813746996658,0.686077268219878,0.59294460737555,1.66707462911346,6.08156275313457,8.57130921970626,1.76641613401407,0.35332329116289674,0.7808979772298271,5.1280665183854905,5.87140012899743,2.17661000633204,1.1828194016122056,6.324699013410666,1.1722954847570204
TCGA-B6-A1KC,0.11656349418097,4.93063580385502,2.74215620060731,1.90581312985885,0.702295052440343,0.358432744606482,0.0,5.32695168407032,3.8349389585539,16.4529372036439,0.06557231159362208,0.04446406651324603,3.7212195222323006,8.23873241363303,3.1939767019030496,0.06736336711961023,0.30602886945220614,0.9643616632467346
TCGA-B6-A1KF,4.76877461285997,0.175969542909962,0.0,2.58235304220369,1.42975253614344,0.769866750231083,0.378334517256418,4.75997613571447,5.05032588151591,0.175969542909962,0.05588975819628299,0.09342495941910291,5.051585270703209,3.015872181863148,3.5780208913023093,1.4122937713334167,5.9254867910959,0.6749125529080066
TCGA-B6-A1KI,19.5017607226114,0.419627099522447,1.32155287836615,3.10633047698435,3.37881560654438,0.26703542696883,0.613091541510069,10.5288254061996,10.2508905740483,2.29977449348666,0.24731993497981972,0.901648910916347,4.85442460059767,5.304832253932395,2.3167829367165864,0.925923485240019,7.634776207304702,1.4148932225607989
TCGA-B6-A1KN,34.4379441425387,0.0,0.230629618749362,1.17785841004139,0.763274214432413,0.389873879314398,0.464004828198121,4.80752931464444,5.27702532424136,0.733072716739044,1.4186757129428915,0.10326262660608464,3.8049002534280887,4.704147115791017,2.069770897486462,0.6176746254686815,7.583983841282321,1.552180304176821
TCGA-B6-A2IU,97.0122843932641,0.30097660557904,0.30097660557904,1.00030477794011,3.31826707650892,0.30097660557904,0.955600722713453,5.5831160334912,5.48529863667801,17.5544605203975,0.9263790251998787,2.2573727556068013,4.326796181685643,7.500887280425618,1.6090457306755435,2.458670724271408,7.959234028569938,1.2176650106435511
TCGA-B6-A3ZX,0.328750118350043,0.964540441574182,0.182983556440118,3.03628647042162,1.29018914371337,0.735035641971322,0.0,4.74516680259967,3.72790228544105,0.8590922904053,1.4636224568518934,0.22811063440518137,4.924380224038955,3.9360442509043914,3.1673900443676914,8.381661909139533,1.6846841096506515,0.8881490040158464
TCGA-B6-A400,0.907071208256146,0.935241121556027,0.0,1.27609707248458,2.69586070279855,1.18313635859497,0.0,3.02826567973713,2.52684122299926,1.07609068805543,0.28546140513703605,0.10554399219892611,4.32077347694587,2.9836594557074174,3.141857819781962,5.686789037341342,1.427713432366417,1.5115186415115693
TCGA-B6-A401,223.792978640125,1.95018229998229,0.637314477118396,1.33198725717745,3.4956699069944,0.293164659474462,1.06750174917331,3.21525153706231,3.99277519914675,1.87689113511368,0.636172166835885,0.7587295684578627,4.748954928075031,3.9010406452776976,2.184502474566262,3.9134160332853054,8.184719166435391,1.2645364309990257
TCGA-B6-A402,36.5644171956611,1.95984119066933,1.24388444573847,5.59024811951068,3.05547196700293,3.19287780693915,0.0,1.92729770226339,5.54324085847987,0.998000311115749,0.01578299724092746,0.0,6.397751631666588,2.9229970094898206,4.147868361205378,10.071025063153183,6.293830266296901,0.9640658774864184
TCGA-B6-A408,21.9170919052738,8.5120164126165,8.31502312497849,0.619575662732444,2.0874933867447,0.273248753820462,0.241037173980557,4.22264643985342,4.64522881494786,2.61174971674907,1.010135314885185,0.8134425990510737,3.6363926107267392,4.6757707756912446,1.9407305601848623,3.6157693941541016,6.540357456327796,1.0502578901169526
TCGA-B6-A409,6.16727246886652,1.35484390524073,0.115061053523629,1.41812748467873,5.52868362181038,0.325047476204252,0.0,3.61004055430386,3.91782887247957,2.36450464991058,0.17171923908784795,0.1267086021969683,5.056136952077074,2.648902557116672,3.1864530163831266,10.628906436282003,6.433583772088021,0.9451581954535143
TCGA-B6-A40B,203.290902187203,17.1393229234744,7.81486850807183,1.04934630143721,2.48222560778567,0.252899822480061,2.02812252997074,5.21298060275384,6.12118675838371,2.009712945735,0.4457267033499842,1.751463721165559,4.92854561521494,4.799916202989015,2.1354035305976513,4.738702995116507,8.520465072988737,1.207892851641333
TCGA-B6-A40C,104.511421135812,7.30298871361868,5.50209612535176,1.95428091597419,0.721493245141635,0.213039344037884,2.5479505546931,4.75503815892558,3.74665193047959,11.6830776270376,0.8076846432431072,0.30135351887776396,4.280317943329655,6.199032313657963,2.2894213645146237,2.480627043151787,7.333692961583435,1.2748281899207548
TCGA-BH-A0AU,29.7897413675058,0.977482558125637,2.02752932362305,1.43847869907572,0.576245176187603,0.456727658163507,3.01354884732183,3.54284071285711,3.52149829892424,1.49823745808777,0.9079323956757965,0.9779319269140601,4.01310573240723,4.2208029401857265,3.221506657646377,3.1030021132963417,5.842223820387053,1.3016659476867143
TCGA-BH-A0AV,1.51324706046674,1.04970300044235,1.00484389785934,7.09970063547046,8.3677179351501,1.65679618873236,0.0,5.48477294248223,3.67246519812878,0.762604743911107,0.23241517077540189,0.12485746725576015,7.022128083782064,3.623960479518666,3.404480821425266,7.882615540083959,5.737792201909354,3.1396823145149533
TCGA-BH-A0AW,13.2286801256235,0.0,0.0,1.80951383007969,0.1972222158125,0.424787069527754,0.300763879114063,2.14972215235625,3.14076378681407,1.87361105021875,1.3646284581998607,0.20726817311202828,3.8294132358770647,3.7820310662591727,2.3271124707470854,9.501586830717638,7.909380701081777,1.5402257005955398
TCGA-BH-A0AY,32.8677716003764,2.76694031872104,0.924348604259206,3.01961001848449,1.0935213235664,0.0,0.0,7.44754295368327,5.37647984086813,2.00478909320506,1.0225421327370217,1.4505158340300028,5.6144158642163635,4.143905901440039,3.8527282134976844,1.5164316579268182,6.068037855031651,2.041930142977576
TCGA-BH-A0AZ,13.3608265742164,0.0,0.167010332177705,3.31933035203189,6.27541323157728,0.501030996533116,1.62417548042818,9.2648981775582,7.04366075959472,7.37350616564569,1.0070192165339542,0.7247234420653073,5.336180471753649,5.146085668645679,3.2267527040560324,3.6772226949541262,6.478233070757754,1.77185561490007
TCGA-BH-A0B0,31.1137908804884,0.0,1.33281875024986,3.46973476304715,1.94966048590268,1.18962334733045,3.36325613010708,10.5927881390381,6.54660008731542,0.218417783911469,2.127699305447992,0.41921526006795384,4.804476968311636,3.9249264898219614,3.104403760349195,4.713475875054704,8.832105493658675,1.508428652531857
TCGA-BH-A0B1,3.66161055042441,1.87653306654498,6.5035081006613,3.09594083541897,2.68608433532521,0.538571764586014,0.13548975209711,4.5998770836969,3.55999323635158,3.82419825294094,0.24208417055001266,0.14182512970002847,4.6734433556848325,5.5358849906155205,1.9985204791990767,1.8489984304000229,4.989783896889837,1.8115532330335413
TCGA-BH-A0B2,19.8184875075597,0.211689914710237,1.32926583510708,2.19159409640884,1.78867215772199,0.399156313091645,0.956468901181866,3.7693912207994,4.89531327376545,4.2175006666287,0.7580472818332337,0.2719037062632752,4.68477386298158,4.711676608704776,2.8523185125050436,0.7667223592113933,7.312366577676519,1.6195069177151276
TCGA-BH-A0B3,9.16126903114834,0.396591732950145,0.234650108662169,2.3299764310821,3.33137055678121,1.13689630112375,0.0,2.41590463988796,2.07549673577242,1.10384699004457,1.1971800796902212,0.9298883813339254,5.090951236288301,3.400339691878887,3.9784183354980573,4.47577278616183,5.676071707541057,1.5335481998887814
TCGA-BH-A0B4,4.48748517708965,1.05743391507267,0.997953257349833,2.78898195100417,1.01117118128824,0.872382979934954,0.264358478768168,5.49865635837789,7.38881948157029,7.07158930704849,0.11703005301018696,0.2439127588731744,4.617974293929497,5.468625671930553,2.4119956182422637,1.6531517595001242,5.2500899345942065,1.191057239926314
TCGA-BH-A0B5,56.358176108576,0.412475048277689,0.640510034317388,2.89067879362088,1.8376937110258,0.134138227082175,2.71965255409111,4.23541452011969,3.45070589168896,0.87189847603414,1.5196611234148367,0.21738346125244384,5.970723291905319,3.6011760619942965,4.391142989697438,0.5786512331594869,3.760905605138451,1.2282574764883285
TCGA-BH-A0B6,8.91061752955645,0.377804316179923,0.54270427752031,0.535370435932198,1.11474392139307,0.146676831762246,0.146676831762246,4.6496555668632,3.22322337797536,1.81512579305779,1.278876860102111,2.744010358363311,3.7362260234265565,4.132420555950923,2.0223678130284544,2.1585309247604156,6.162999499193295,1.1721034284401397
TCGA-BH-A0B7,5.20266678789706,1.83056794388971,1.43142155010924,4.85169323474527,6.06977791921324,0.159955852757208,0.223659617204569,3.45468085651366,3.01768437366781,0.605601425046219,1.655850093992113,1.20546706071835,5.21314152407398,3.920567768685862,3.668476235889184,6.860695950284495,5.290007577586344,1.712300983916184
TCGA-BH-A0B8,19.3817284718954,2.71602443552864,6.6342236212093,1.95464709376569,1.49158719000343,0.338389929672421,0.204814957433307,6.92363606106072,5.35190388771381,1.58508967057081,0.42310132880076756,0.31259790667984033,5.604515450916429,3.258484768215811,4.01990788398976,0.5326487696097957,3.38231020562638,1.2304335155804293
TCGA-BH-A0B9,0.194746253966222,0.403124745710079,0.422599371106701,0.876358142847998,2.72255263044778,0.259012517775075,0.0778985015864887,1.14510797332138,1.46838675490531,0.488011521873891,0.7462267611769378,0.2789363146792305,3.408942782431647,2.9455327949521237,2.755549921119905,7.215251470807131,0.5154096933859562,0.8624315535124526
TCGA-BH-A0BA,83.8050067884295,0.462088089345372,5.20737731454592,2.17892306745164,1.15166569959923,0.26514756747588,0.849531179642645,6.51188753600555,7.27255562154331,2.75831044101545,2.4112079353880125,1.0430426785860232,5.530611306499792,4.770718269765751,3.6093496103248084,6.402982358247227,7.118550916080094,1.394834112511845
TCGA-BH-A0BC,13.9357338567929,7.94747303719337,2.13970427924437,2.07274754669659,2.22121682321558,0.911193795106786,0.558943158659753,3.2313901360017,4.69279360291418,1.94174524388571,1.4081546291926599,1.1852555079385714,5.6096157156225175,4.104858146046066,3.478941964252148,3.1472085682188693,6.181023993458675,1.5042859350750395
TCGA-BH-A0BD,30.9381242855251,2.84952414949564,3.59301021619045,2.6188917369699,0.807213443840085,0.145662576332045,19.154628787664,4.825072840999,3.96627056804132,3.57783703115587,0.3176513849083635,2.2031071666074085,4.762529539885627,6.523183983173778,2.4838544635399527,4.477087955630973,9.034257816076547,0.9335726382610241
TCGA-BH-A0BF,12.2072727011896,0.434718273726575,0.450700563201817,2.25030635811404,2.73297150026634,0.226210768066255,3.09736770030185,2.96631292660486,2.91197314238904,0.939758621144213,0.8855743643714263,0.36882421228915274,4.781081640047019,4.9882620401805795,2.564622052436981,0.059908989018685105,4.999116078558871,1.6123996834280072
TCGA-BH-A0BG,3.50500803735996,1.1118987285064,0.166784809275961,5.28657304553499,0.737896428917886,10.1384947699266,0.0,4.59921746791285,3.15374912085453,0.396745682671603,0.4432883748171436,0.29054236266025435,6.179433419724596,3.0054538856787825,4.580941400893867,2.0773797407970136,5.224669308970333,0.7187013661611762
TCGA-BH-A0BJ,24.6351282608682,0.313662543347803,0.580455971022946,2.30019198455056,1.21499169089896,0.666983569187857,0.0,8.32467600678249,6.73473139050225,2.58140667858652,1.5997599375616733,0.84462535153131,5.162351474542587,4.906656503441493,3.594419339784864,2.000435722328101,6.08582817517672,1.763501768367662
TCGA-BH-A0BL,3.9168515648695,1.92598198182213,0.0,3.35350920877758,2.77541967058901,1.60154397569589,0.309690824029592,4.01418296670737,3.72513819761309,0.707864740639067,0.4704067108193299,0.16800012451782012,4.928270823378192,3.8892690975744193,4.557710288514243,4.245609747436064,3.7782926961054604,2.2539892662307865
TCGA-BH-A0BM,53.9048468879247,0.2246737392432,0.0,3.47682611478852,0.233660688812928,0.2246737392432,2.42085954034548,16.3674819038671,13.7893507460514,1.36489296590244,1.9510444233535216,1.8244345089513958,4.72604438509765,4.073131546865389,3.586213857836728,3.64500611918008,6.292810485151421,0.9711251375613938
TCGA-BH-A0BO,39.8191644838846,0.382846158327377,0.325893837253883,13.2382506317499,1.74020981057898,0.844792762590162,0.0,4.39798479400871,5.95151755218013,1.626305168432,1.4187836385117385,1.3434078222978139,7.5451954000120205,6.162806201285492,3.364796522858731,1.3767904605770522,7.679869926371531,3.3475947952758385
TCGA-BH-A0BP,19.8403147645291,9.05988605327728,23.3256426059689,4.46357923840248,5.32385056738974,1.51899337518322,0.879934673649828,4.74869773600969,5.97765677742006,1.62714177082734,1.203952853632504,0.1534162422552479,5.297312492198179,4.02835697555974,4.084421491735768,6.948723480703476,7.090132537840182,1.9172407837780858
TCGA-BH-A0BQ,19.4703799570474,0.493032456520304,0.237712077250861,2.62363700076876,1.7872426548861,0.224505850736924,4.82467475309155,4.35365267409447,7.29423911119771,1.61115963470028,1.1285931361167836,1.6570707364184303,5.828314997293826,4.773567787205127,3.299779636569138,4.890635615752448,6.461520766676275,1.3632439030135013
TCGA-BH-A0BR,27.0531319765951,0.529335815315679,1.22561600315399,3.73385340495752,2.62224819279459,0.447899536036343,0.89172725810872,4.53600075585897,3.46511368333571,0.647418420270715,0.6844597018913462,0.7099081711402665,5.453132326230362,4.111899339884976,2.638653116466112,8.42263962658969,7.09781934873794,2.5199444141830254
TCGA-BH-A0BS,3.55331487089337,1.80424024494677,3.30993714001026,2.73232065871435,4.2055671896601,0.0,0.129801456470991,6.21099969213691,7.93735906320108,1.73284944388773,1.1245112536416781,0.9737077447154305,4.8852803668214495,4.027157865685279,2.9038879187582185,3.7549064504572938,6.322149450610288,1.1998047417127977
TCGA-BH-A0BT,30.2346305822036,0.959542168177718,0.995751306599518,0.586588042433171,0.829874346758176,0.144836553687203,0.666248146961132,4.13870452161182,4.37406392135352,1.0355813588635,0.98826336860543,2.579910309803709,5.212033279664233,3.8207750108904923,2.874765400855467,1.7412726949201833,6.617774609574434,0.9243615723658909
TCGA-BH-A0BV,26.4327908556715,0.239175865886111,0.493782432797133,1.47748962313517,1.16501792738074,0.266179592679704,4.17014695198204,5.58591377101757,6.43460232738764,1.01456859238786,1.2865933655878887,1.1182790534154314,4.921727874481674,4.6738658641183966,3.3285486215789306,2.9931973120294035,5.895852213401424,1.047386704572383
TCGA-BH-A0BW,18.2793918236273,0.320441227917113,0.142418323518717,0.822465818320591,0.897235438167917,1.09306063300615,0.0,2.8198828056706,2.82700372184653,0.986246890367115,1.6354205329804796,0.2291045401936684,5.02093300633188,4.44715041251278,4.46879527647163,3.0842529323802963,5.692373879572797,1.4773517457090994
TCGA-BH-A0BZ,15.8658980464315,1.05050245080717,0.57491681405206,2.03779415242537,1.02341212972618,0.120401427026609,2.72408228647704,6.21572367024871,4.10869869728305,3.09732671025953,1.0006935703157702,0.9862430336689835,5.52474019661659,4.410335295843826,3.8699986001269147,5.045978826454555,4.97706621542871,1.5929735314434401
TCGA-BH-A0C0,5.57341543176774,0.589919168923284,4.40678423949408,1.52762650459985,0.981731154252927,0.352190548610916,2.23200760182168,3.75963410642152,2.26282427482513,5.90359407109047,1.4206495198935072,0.7673715175820202,4.012266937811708,4.216148018761767,2.9640681102391286,3.608282856144121,5.3796472290641155,0.9872316148319995
TCGA-BH-A0C1,18.2639011076318,0.278713033060809,0.685306163643636,3.0658433636689,0.645958441329169,0.301665871077581,16.9883791092712,5.88904243973191,6.67599688602126,0.747606723974875,1.817377671496558,1.7605190371529962,5.1148833707185775,4.49878060958731,2.09963185001446,0.9459821859974629,7.777908860073227,1.3946238901619292
TCGA-BH-A0C3,54.6687865665715,0.180065708338765,0.397819588190295,3.64737748751312,3.02761644485877,0.632323766491942,1.10551969770777,3.31237151851077,4.50583028308165,1.32746115217182,0.9689978476885581,0.30096161616676465,4.916040972243392,4.120655826261492,3.7819665501500497,1.9748797022521045,6.896273287756937,1.5567447289563123
TCGA-BH-A0C7,23.3795656628186,7.60831839478293,8.19417453401159,1.85390920502582,2.56214418222669,0.0,0.0,4.12703102523304,4.77537848597943,1.4268851746547,0.3988975712024732,0.21487083400390522,3.9620862498506435,5.726226335148698,2.0170667241898332,2.245404388631068,6.5258746859936165,1.4970758055459623
TCGA-BH-A0DD,31.3834672936189,0.285112253340414,0.320311296962687,1.20732719624397,0.140796174489093,0.140796174489093,6.57166144427843,6.05423550303101,4.77299031518026,3.24183191761137,1.2172485974776375,0.1662260818698162,5.714274609945539,4.80424426995049,3.7546301798522097,0.030023691834969446,3.7279806381874803,1.4435048450199728
TCGA-BH-A0DE,28.1115210560597,0.781437932279925,0.0,6.40536170397327,0.890758264775044,0.785486833483448,0.510161551643889,9.34891287893444,8.87114253691873,7.98443317334721,0.30824436439371317,0.42889276178591573,5.6508076325694585,6.817795910150349,3.4084537286555348,0.338452940355049,6.679511064334995,2.0542580838697724
TCGA-BH-A0DG,9.11567861951411,1.75813561003515,1.13162848841906,2.87018575090371,1.45271338824731,0.230045583718408,3.51627122007031,6.09669742722658,6.07320341016597,1.23735156519178,1.7043855336834746,0.545047007020311,4.941824009749677,3.9477012651613483,3.3653839037007214,3.3516720252556125,5.945253643563076,1.4372165250446347
TCGA-BH-A0DH,43.7915343724105,2.35529943854994,2.19976079638155,0.759176705821915,0.0,0.374959226655946,0.877682337950214,4.8772474222803,4.56987343894753,1.91090331806882,1.323884036572907,1.4988032345141664,4.654877297320883,4.3937067735871365,3.3236645070718187,3.040549504783383,6.1821451710227215,0.9051943530606872
TCGA-BH-A0DI,3.94219682809006,1.41081414910213,0.218069249107102,2.58649260668724,3.29557367641825,0.146959807198138,0.146959807198138,6.97324285155167,5.78286841324675,1.40346615874222,0.35185443913237907,0.3251561177415914,4.9571484857254715,4.32417694550338,3.036767056441649,1.784880835167789,5.250453813140832,2.181007110218295
TCGA-BH-A0DK,11.6688011309184,0.388823608361014,0.163715203520427,5.31665123432587,0.229201284928598,0.577096092409505,1.16237794499503,5.84463276567924,6.8637599075939,1.26060706710729,1.3654401175524868,0.7685336626271904,5.402086156165946,4.449599488725536,2.9981585038237277,5.346728807332785,6.2626210816675245,1.141687277664892
TCGA-BH-A0DL,30.7614872877416,0.106321566707826,0.0,0.81070194614717,0.831966259488735,0.377441561812781,0.497053324359084,3.07003523868846,2.51716309180777,2.80954740025429,1.0901128523717396,0.5028001670841852,5.236221054233635,4.4838976601258675,3.281767683748202,6.4718252717785525,4.878014936261767,1.6974890502049584
TCGA-BH-A0DO,40.5512785980569,5.62248128456455,8.16300986499742,3.02295135731835,0.763546841113704,1.00996423074585,1.97480978451681,6.65326952006805,8.13871519278017,1.03772957042272,2.1618768950203346,0.8559593552008211,5.009875522908175,4.20614033041911,3.596895086361335,4.414584935496617,6.005321421898795,0.7720350674857428
TCGA-BH-A0DP,67.673953671876,1.25076362940236,0.997393505118278,4.33946609686541,1.62478619382171,0.204743973511159,2.28033111855671,3.8085953602702,4.58479272514047,3.74826914020256,2.00856215233269,1.2333351081208996,5.701562163056864,4.865710484594349,3.180977697616413,2.1253216408585223,7.307117788617807,1.1215884056714571
TCGA-BH-A0DQ,11.2789602554478,2.26456324676365,2.22070726839323,4.08259289557391,1.90175469842652,0.314965662842128,8.27283228351158,6.27937872121963,7.02493035351682,6.53852768431759,0.9451417997899275,1.1439199510304887,4.804630370074634,4.8223548898735,3.2371671093410335,2.7190196408160863,5.805574866636505,1.5313691246832448
TCGA-BH-A0DS,18.7820218257766,3.93809473829971,4.07921347472255,1.50820649551904,4.18946248755289,0.0,0.635034313902753,4.26884177679073,7.37786393860629,1.20832918062052,0.15639661659766543,0.2649567179648224,4.9755109655175564,4.813627295538093,2.216703182887299,4.191373142408666,7.550441286409953,1.2303260000286917
TCGA-BH-A0DT,16.2475428030363,0.696268610820017,1.38106026651663,3.72618476339943,2.28391406955797,0.306052136624183,6.66045962328379,5.32148152555299,4.91978809623375,2.93044920817656,0.9775878444087224,0.9915209247709815,5.851833146488556,5.241096869485027,3.107036750950927,2.285765634398001,6.369856594934552,1.2242422429587756
TCGA-BH-A0DV,16.1504143241823,0.220182881038613,0.110091440519307,9.79813820621829,4.38989619070735,0.459631764168105,0.541530988599228,4.25228189005822,5.45503087773164,0.706420443637019,1.8512443801798186,1.1683401329065997,6.657827308117877,4.114010751616022,3.3980875533082524,2.636322032172167,6.70337215907324,1.7829589693941834
TCGA-BH-A0DX,47.0318295838112,0.139147424804175,0.0,3.54130196126625,5.5624183065469,0.580940498557431,4.06658348990202,6.29642097238892,8.20621937782622,1.52018561598561,1.7284429966138446,0.5685185977925435,5.027114231721594,3.9335254288812562,3.3490963042709905,0.694300770342678,8.815398347159425,1.9707432397806208
TCGA-BH-A0DZ,3.83643873187356,0.507424762131573,3.46740254123241,1.36082095298922,3.99789206527906,0.30753015886762,0.0,2.17577587398841,2.22959365179024,1.23012063547048,1.0704182204705899,0.6729128708964586,4.650971538504161,3.9796372143703582,3.105489039223424,3.5977549892541374,7.203888622554292,1.5189751377216472
TCGA-BH-A0E0,9.92772636670394,0.348812007478787,0.429307086127738,3.30029822460699,0.214653543063869,0.214653543063869,0.396282638527362,3.51495176767085,4.29843719985398,0.794218109336315,0.8906148853441317,1.310943388124619,4.539178316081278,2.831515444235272,2.5172079236076623,6.198847371154319,5.732665660588198,0.5535872666898399
TCGA-BH-A0E1,17.9865587322286,1.05780494052098,2.11948462441384,2.80918894460701,1.15467352481778,0.282856266146637,2.5495811386916,4.61481935589924,5.66874955304835,2.46433678451043,1.700718654448574,0.7038446930150464,4.657388476140502,4.30519512895697,3.0015139009942593,5.039481812629276,5.9853320726436365,0.7987830589445415
TCGA-BH-A0E2,6.37481356777305,0.292422640723534,0.146211320361767,1.57542697689804,0.694503771718394,0.371794918095123,1.14775886483987,4.48137696908816,5.27091809904171,1.78377810841356,0.5906259703457475,0.35128909759887456,4.471883272589035,5.350705857019348,2.234225385646896,0.9980510458545544,5.772207667000582,1.3275724038157422
TCGA-BH-A0E6,6.10363100267665,3.35551558763656,0.296292767120226,0.311107405476237,6.39992376979688,0.148146383560113,0.0,4.22587559105222,4.05921090954709,0.533326980816406,0.28510625106125354,0.300416627836874,2.896368735751496,2.7992116709756703,4.292678695901548,10.626853231494849,3.5255051488196716,1.3488556014150197
TCGA-BH-A0E7,14.4096073190949,1.47012515812327,2.69026952012841,3.02655321014446,1.25585590430773,0.0,0.27378849098652,5.31804384122729,3.89255811098226,4.19313025869572,0.11875838897983478,0.503145165950165,5.6026647223776225,5.74311099135192,1.507464843639736,0.37061069349059284,6.368764857568586,0.8360048952420933
TCGA-BH-A0E9,32.533009461531,0.147021485463828,0.518828899686194,3.83028046748197,3.45421656703829,0.70337877675578,3.07118852029009,7.84511081203353,10.5054147003574,1.52863011384053,1.1601457254045793,1.2707681258754242,4.780625063577077,4.770348067517987,2.5460424782484417,2.001622119649684,6.9722469118432,1.8297278082904693
TCGA-BH-A0EA,24.9713069342447,3.45653443376623,4.32306176411483,4.2081631125769,2.25967348024607,0.0,0.505341504261572,3.9592160342447,7.40617558038277,1.23037306021873,0.5321673202805568,2.8682916687727973,5.270114014455479,5.094185388801917,3.4116974035208707,2.765195248763837,7.203811940216166,1.2897164484862993
TCGA-BH-A0EB,11.3391064734126,6.16333384389058,6.79394522174039,1.65981673981223,3.3969726108702,0.214169901911256,0.538399336749129,5.14007764587014,3.53380338153572,2.23093647824225,0.2900704696015409,2.1048062980306264,4.566102761613559,5.051741864580571,2.3514021836299643,5.391692119435531,7.799298460961721,1.480885502644925
TCGA-BH-A0EE,62.7512231474551,0.200995034548447,0.365724368785694,0.262495716305861,8.32022938987454,0.187550534849474,0.117975602834095,3.40064675169278,4.14389304954758,0.805183489342698,2.2834477083779796,0.016211033155917154,2.587869005978206,4.698462982087534,1.310979883798131,7.044588651482929,8.808976720038986,2.857742184460066
TCGA-BH-A0EI,5.44385372582793,0.859555851446515,0.343822340578606,1.6224116696053,0.812996576159829,0.465592752866862,0.812996576159829,7.90791383330794,6.50039112656427,3.30212706264036,0.11716307546575941,0.2649567179648224,4.390103592678908,6.981953090587532,2.069186580809741,0.2445217736320555,5.73948360338185,1.0136409106693862
TCGA-BH-A0GY,10.7568174587619,2.68920436469048,14.2162522061379,1.92337529847748,0.17605265889954,0.277282937766776,1.57567129715089,5.53685612239054,3.09412548015942,2.77282937766776,0.09841955776554452,0.40021000708183085,4.370771089409755,4.337047385384805,2.6523717631163715,5.4959061797102935,5.949962075591229,2.0080924209487216
TCGA-BH-A0GZ,11.0422845588322,0.593052557468342,0.287674748025688,1.15955052281124,9.29853300926109,0.0,0.0,4.80195540935187,7.34677048804065,1.05775791966368,0.25084033356164537,3.367930141431883,4.335969103229224,3.9406460027748595,1.9268344213655566,0.4946716116475496,5.0334714576563595,1.6507186126833282
TCGA-BH-A0H0,60.4314758121582,0.362308669093579,0.186060869112866,3.60903362293927,0.448735037272206,0.115060041459396,0.0,6.42457236289719,6.04424205691648,7.5874527948526,0.17466207953358823,0.05907834220125303,4.821995868939357,6.628543235444808,1.3795655153699125,0.08922694207039553,7.702005025107598,0.553065544045605
TCGA-BH-A0H3,5.31866850893573,1.04244650587145,3.55308343592823,5.80076088702643,3.1899489173664,0.291133708846982,0.885923006491355,7.6539991196868,6.61155261381534,5.14962312960523,0.5499155536219554,0.6246156331376462,5.49013366201446,6.652870779986798,2.649178560951562,1.9519607287811294,5.809597084864104,1.9268723645581656
TCGA-BH-A0H5,10.1628338759282,0.277010804113887,0.0,1.1738332824326,0.862196127804475,0.9833883546043,1.2326980783068,5.15586359156973,5.79298844103167,5.31860743898664,1.9476062793360511,0.9807656297761055,4.988578868305822,5.470378741963423,3.3225524795065597,3.484295008484742,5.677744277512353,0.8916222200000717
TCGA-BH-A0H6,9.88319122603999,0.918809208564753,1.19045714848824,3.70719541542648,1.64586693012469,0.54847796378329,0.0,4.22652235939786,4.3024239896706,1.25437431082318,0.11769504266975457,0.4545970565345496,5.580395763064957,4.697429114797139,2.187799412524695,1.3802861561230786,5.18330785376377,1.8372974156630684
TCGA-BH-A0H7,9.12137989869318,3.22993361553854,6.17565675711586,0.695723556050924,1.66085495721093,0.325657834747241,0.0,3.16184152281867,3.04934154354235,2.57565742027363,1.0258584645066868,0.9815142754731214,4.423163138304541,4.302406436366915,3.1993965034501053,8.998360828785096,6.12186922170455,1.152974407376064
TCGA-BH-A0H9,9.76088339254633,5.06764190081832,7.50691729337639,1.32363780991523,3.05571242974717,0.302545785123482,0.843346376031706,2.39389352478955,3.17673074379656,0.533236946280137,0.606930212959674,0.4407900259068194,4.999294950096473,3.5460657740861667,4.002298297415785,4.7026844473393155,3.606004541360109,1.4840122845408077
TCGA-BH-A0HA,23.3504864094762,0.16386306252264,0.0,1.8065902643121,1.31909765330725,0.180249368774904,1.81478341743823,7.01743565253205,9.94648789512423,2.33914521751068,1.2644483368357669,0.8877906883316438,4.225192542667883,4.719083934066321,3.1332039626081114,3.4243631950172726,4.9572523437254565,0.9591705986157619
TCGA-BH-A0HB,7.676665757117,0.0,0.0,0.976300697333695,0.0,0.298685601467386,0.677615095866309,4.47582602795904,6.48192335124746,1.13678848319677,0.1319845087565303,0.567253374550151,4.112691793447567,4.933506544696787,2.1825969620948826,2.1373723636933972,5.385054782968153,1.0460020465445206
TCGA-BH-A0HF,14.9456125099455,1.44582555802734,1.35241547984018,3.15563611962709,2.84697673083473,1.08843047626777,0.0,5.27970007144815,3.76077097396999,5.81173138634023,0.4602707607525002,0.2933704842047526,5.087513759000298,5.602611280100981,2.595384306207668,4.283521791136167,7.50316504702218,1.5528196985632028
TCGA-BH-A0HI,14.7557364454753,0.572832327861728,0.562224321790215,1.16334466584265,3.10107377490578,0.332800024078759,1.76800101191892,6.94117197279366,8.01258058601652,1.47097684191654,0.2736949100370791,1.455491620628468,4.271530258728099,5.113737999414894,1.871685968303588,3.821985667988051,7.772565971941388,1.2546545067720023
TCGA-BH-A0HK,30.5267195585734,0.410869364047237,0.498288377674309,2.49144188837154,6.68318359178963,0.174838027254143,0.349676054508287,9.46310822513051,6.60013552884391,1.56042939324323,2.26696207719368,1.0561898510591572,6.253786298352674,4.663731617284392,3.024049244105653,2.205108123735351,6.546697729109228,1.5355440541570873
TCGA-BH-A0HL,0.0,3.7056656391652,2.94723496974898,0.492314645059649,0.230154435405142,0.155234791068038,2.55471383382304,6.06079245472082,7.30821131889223,0.861550628854386,0.15354595185667388,2.190962455691456,2.8441847625140633,3.8801761336311995,1.2290341168705514,1.355636523573255,0.13264264253961866,0.49876146567185237
TCGA-BH-A0HN,84.7390152966832,4.44344608163795,2.62589536908263,0.328236921135328,2.91004076349828,0.0,0.749555954234406,10.9395976850028,11.3462195425287,1.37663544535862,0.09545188108566052,6.919900174193642,3.310441920097959,4.076080169497717,0.6455172178932232,4.049900812173328,7.5629719838819,0.4539652653964085
TCGA-BH-A0HO,7.27624255366313,0.639163962900837,0.156595170910705,0.654503898010457,4.38977809720295,0.130389448431771,1.26810130239526,3.64067793268317,4.41534465571898,1.48030373807834,0.27905521648346715,0.48769213995453226,3.3380963301660938,4.4305595998476965,1.629752942457131,0.3946238901619292,7.59389229055375,1.1567201996518173
TCGA-BH-A0HP,20.4970511854814,0.312492047380785,0.270017400163979,2.58791957685252,5.06055082554513,0.995120306222304,12.5482243491934,6.93853701320247,6.20129849365363,0.537000896955329,0.6659384540998585,4.437507407113034,4.633692755046455,4.405114226158703,2.275275292299535,1.535306485612425,6.930973825562906,1.6614303841791582
TCGA-BH-A0HQ,26.3173297136337,0.545302342364388,0.956442997321665,1.3286334849672,3.46656489074504,0.0,3.41895913069736,6.90283520691428,4.17199569872437,2.15091479488175,0.21909105824619673,2.2336426830088096,4.191270481689033,4.573768353642081,2.0675010485665717,1.6608829930039484,8.026358000314087,1.2110121934855116
TCGA-BH-A0HU,68.9524316059411,1.23481692343327,0.528297962087429,0.244417370411533,0.716066514877539,0.261482031090526,0.830637157257945,2.46963384686653,4.06089276881662,2.95337655913936,0.8258670184010849,0.3131297348378517,2.981195072798348,5.290980937327072,1.9011082430145123,1.5115186415115693,7.666114620177276,0.5970305240302465
TCGA-BH-A0HW,11.3918922958823,17.419259373536,3.85066181894839,3.25522760624448,0.744292765879885,0.733058158093019,0.0,5.95153347509236,6.48517734496851,6.60875803062404,0.0615688492680028,0.01592568999025421,4.571567602680712,7.212260962901985,1.0361164532176534,0.3840498067951597,5.223387795085458,0.5371469436175694
TCGA-BH-A0HX,2.36170467266707,0.661572983423169,1.32684190530122,2.66107568751219,1.34901753603048,0.454600429949999,0.295675076390243,4.69014589924023,5.97263654308291,2.8606563640756,0.5978886751654264,0.3511760027028115,4.740366343155438,5.038304478799488,2.357692748488337,0.93251477771122,4.921631507996221,1.1515341413479168
TCGA-BH-A0HY,9.15071523825099,0.707992134307105,0.741231201645467,1.69851634099028,0.345686300318962,0.830976683459043,0.515205543744607,4.69335630817668,3.81252102371009,0.804385429588354,0.3687124837283308,0.13881446890228188,4.497682614662552,4.251090379840245,2.6042611394761064,4.008594452435505,6.851023139501819,0.8648893644697498
TCGA-BH-A0RX,3.72966865900811,0.0,0.489136873312539,1.88725310286421,1.53670501032356,0.664410919582865,0.0,2.29894330456893,4.14951114193471,1.2717558706126,0.4153260094369675,0.13632265374921437,4.819566006008478,3.5824114854213174,3.438505779782749,2.3110961739030538,4.697095451110725,1.4495349634782888
TCGA-BH-A0W3,37.8126326307825,5.25175453205313,4.95919103757346,1.40526399807449,0.504855239870699,0.206233282993867,1.01677804638837,5.00235614331636,4.56111284016669,3.70740297102929,0.13119435170845012,2.5816645804843783,4.702967767032766,5.9939347116564745,1.5172756932095814,6.392190322617092,7.3632867404524065,0.3287215954018278
TCGA-BH-A0W4,29.6412610308189,0.432538726736986,0.358389230724931,1.81357308996151,0.828002705467945,0.88052526514315,3.23786132585972,7.23575498584301,7.3222627311904,1.45209429690274,0.7782926961054605,0.2736949100370791,4.727065472509841,5.282966077700931,2.606371157659863,0.4398890476197791,6.8983123660072,1.2955467170210546
TCGA-BH-A0W5,16.6124940528892,3.12476961307028,8.82326025599306,2.50565032251383,1.61100674034847,1.38734584480714,2.40516499263293,5.37110295524632,5.09557866363743,1.99025782409248,1.113500481366378,1.070114502661328,4.365965430995231,4.889916407238962,2.486096494421355,2.2659469102094594,6.34773119965064,1.2070807167970334
TCGA-BH-A0W7,44.1548794643642,0.710955578905488,2.42027431116762,1.31602415669739,1.75469887559652,0.612631935014304,5.76705988207909,5.31325844873516,8.44448833880827,1.97025455643489,1.489131852852717,0.41662359163287005,4.2323307409266056,4.414622664819277,2.742782340200019,4.851379264393166,7.604204049066465,0.9499457391302389
TCGA-BH-A0WA,2.29706878102594,0.657750972540469,0.371039010151034,1.51451377779831,2.75580792084904,5.33958866426442,0.0,3.16395083201518,3.7508670844359,0.624020153435829,0.4995780470101317,0.10782175591285359,4.927649980172246,2.882056070968626,5.636662318614996,6.924567877782246,3.970034545204993,1.254835882785763
TCGA-BH-A18F,11.9192010539034,0.819994175698512,2.59385912720958,3.22558933399772,1.07101280091234,0.476935387906277,3.04987629634804,6.32148571163496,6.12067081146389,2.28008584569229,2.190488441085609,0.15315678806142052,5.172491515879035,5.559604997307316,3.3216683864055376,3.2145444939367143,6.887751892534096,1.4425454561053042
TCGA-BH-A18G,1.74261411584417,0.209323016918219,0.0,1.93100483107057,5.45809766614256,1.81064409634259,0.0,3.19217600800284,8.06416922677438,1.33443423285365,1.6940778535726786,0.6342215116851121,4.921436330806298,2.8284691068817334,4.296729034300366,0.8576625721188549,5.015234390565983,0.8261111636631352
TCGA-BH-A18H,62.1718335754574,1.2502901136134,1.07432335688262,1.84765094567313,1.51424024870956,0.495485341320866,0.680713506300629,7.99722602300126,5.00579115857809,3.9824055470649,1.3468718139442495,0.13251103979919546,5.019492877514656,5.691891444525011,2.1795110502715103,1.9885574513628215,7.005159668273686,1.8935563693054323
TCGA-BH-A18I,52.874926456651,0.415858303461287,0.331097375367266,3.41427613478725,0.97739945208417,0.431750977478915,1.46477478862479,6.25641600493987,5.11744103367647,5.97829420963136,2.234593287140499,0.28238049463860565,4.925762113671917,6.5280336460159685,2.8965818641279997,0.9704119453894731,7.0388476756076095,2.0802824456327746
TCGA-BH-A18J,95.1549025721079,11.3402660993769,16.1909777158835,1.94160098625432,5.94327352741577,0.253395382951835,0.223777740788634,4.10039801503879,4.38341104015382,0.809548885794174,1.2344450448572637,0.22557768152014201,5.505691950476635,4.166835654467437,3.2704872906742573,4.273248567244887,6.422225853518407,1.276652586783885
TCGA-BH-A18K,41.6070753813063,0.877466269042057,2.21345814483917,0.758711435637869,4.32795392850819,0.204522213084991,1.77472501031815,5.64085458669894,7.21435612930443,2.59611260803045,1.746180834445389,0.7628369099165849,4.89179670186964,4.060877147216167,3.43930161137213,4.9494814216891125,5.985831174965501,1.4817786769901242
TCGA-BH-A18L,5.07633204742466,3.03923757715965,3.54329169937749,0.459315590660045,0.119302750820791,0.0,0.119302750820791,3.87137426413467,2.83045776322327,4.98685498430906,0.6631247583624084,0.9691617175495849,5.166316752080995,4.881709828967567,3.3200253973470364,3.1503617923356844,5.1941168104956095,1.210294759472795
TCGA-BH-A18M,17.110472924966,0.21264050859527,0.673361610551687,3.88423329034026,1.96338069602966,0.396928949377837,0.797401907232261,4.97224389265272,5.30538068945198,4.64619511280664,1.2436882148520851,0.5248037306951867,5.53760242926526,5.294255307654851,3.7627609452154056,1.573946819506109,5.501279484903357,1.597703086378387
TCGA-BH-A18N,4.96946737053134,5.31972292142015,5.41335559343994,10.2579794012782,1.3802149431064,0.138715069658935,0.138715069658935,4.72324812188673,3.79385715517187,9.55400042275914,0.7563896898466219,0.601900740380276,6.614297640329972,5.403138380361048,3.4105240526794254,0.4599948366941836,3.78107765663382,1.4198162973170994
TCGA-BH-A18P,13.1805224859334,3.58364436253489,8.00246008074528,2.55866133511495,1.36284780312503,0.151849337395546,0.804801488196394,6.01702999429851,7.97968268013595,0.482121646230859,1.393284334076404,0.5305369425673888,5.313431282425581,4.044466645357463,3.8988708960951395,4.000559296520257,5.251276243509464,1.0258336640073433
TCGA-BH-A18Q,10.9002290364687,1.13081294190857,0.0,5.20577815042911,0.783491824036654,5.33501391521866,0.0,4.95538385614935,4.353629826348,0.161544705986939,1.35486600541137,0.9217256775767383,5.585198225515185,3.5515508085899317,4.515722813594664,2.494094594424097,4.842566916090441,1.023089132125624
TCGA-BH-A18R,0.952045694948515,1.75198941496443,4.99964825009945,0.833744158889824,0.112668129579706,0.709809216352148,0.628124822406861,3.33779333879879,4.64192693868389,0.661925261280773,1.2044839725988625,0.3299587181097032,4.727795553816447,4.237281839562518,3.4638092838235996,1.6966511693363002,3.945129172542366,1.3027264341096956
TCGA-BH-A18S,24.5568357360958,0.393711255422636,0.360779568679993,3.1210836271656,0.313129436967541,0.136143233464148,0.0,7.57637094227986,11.0037768447398,1.76305487336072,1.2813418969508823,1.0389310518031054,6.164230860038646,5.197171865167613,3.061847064165113,1.1203848287605775,6.2663558773676264,1.0421488519508402
TCGA-BH-A18T,0.380540733160191,0.351928647960177,0.31759414572016,0.844056513400424,5.44487981356274,0.340483813880171,0.0,1.62802764788082,2.93559994152148,0.47782182284024,0.13540353059765128,0.016353683577834812,3.3814356643258514,2.5909133502559083,3.4325986884241484,6.782340412752504,1.7078339698095495,1.6799642008062254
TCGA-BH-A18U,6.62714780670869,0.199845896894912,0.957326312544981,1.32478489715821,1.38602799459374,0.48027481673132,9.38953383314319,3.64557595787331,4.22899704396975,24.2071400916256,1.0859925305004852,1.2886490628639713,5.358127867449446,5.85602935825773,3.1587095517178887,1.2326336866471943,5.326453195161498,1.3260665825907703
TCGA-BH-A18V,10.657489599259,0.625072703768857,0.168769630017591,4.15360811654406,4.43801619675889,1.85646593019351,0.0,0.971988054360573,1.6939470272136,0.906355420464843,0.5248285738970989,0.50376139131751,5.097925251070878,3.9980279477488607,3.446739911236859,4.866168061327897,5.848010824904688,1.2421960221051531
TCGA-BH-A1EN,0.394367888499908,11.7301518463112,67.1434258536704,1.50104366863143,3.15800022341399,0.614480198360322,0.0,3.9131077308518,5.3010381291383,0.314975824025589,2.668683535545505,0.6301845906436973,5.382252374832712,3.6371384838614427,3.4435249321856256,6.176887148677609,5.00929781336361,1.6876066253397208
TCGA-BH-A1EO,3.73831343090812,0.0,0.266369864623815,6.31372207678412,4.47576524580653,0.402762145059903,0.0,5.78048768754988,4.66296455266536,4.15809369477337,0.5371741980052409,0.38723488177789706,6.4073572359941675,5.1001422395071465,4.006033093449708,0.0,3.537186097069232,2.6631801673098865
TCGA-BH-A1ES,1.49637422815806,0.869900290893766,0.53627284477341,2.54297123166746,1.22823780577136,0.345982480498974,1.03794744149692,3.02734670436602,7.20508515639114,1.12764685939109,0.278194125881171,0.3241083030723168,4.24929994729317,5.227986612794529,1.4863207504142657,0.486695084502867,4.2203407524565675,0.5293635073391284
TCGA-BH-A1ET,21.2374762132427,0.411625679227413,1.07204339224869,3.37079256337482,0.796617224279656,0.08474651322124,4.33266548843589,10.2839893793975,7.89837503221957,1.33475758323453,1.809906668190004,2.35656370374715,5.396904457590702,4.865719675440737,3.2077503135999077,1.0826402113671898,6.014984441963387,1.6248120863038888
TCGA-BH-A1EU,22.2072907403595,0.48939547586975,2.54407965630703,4.52690815179519,0.877804583702885,0.495221612487247,6.11938549391104,8.75474129055886,8.03812648660673,1.87601599083404,1.382780202445215,1.8614617742759587,5.492142676463885,4.983631090675577,3.688280744888579,0.6337072973045872,5.2881444829512265,1.7657489348060063
TCGA-BH-A1EV,66.6385268514568,0.896893759305867,5.56821542235726,1.24342089358313,5.79583618702958,0.540174650491034,14.6594567098667,4.14473631194378,4.07339249018081,0.135892993834222,0.7650224326995694,0.729000969702193,5.473672798173604,4.527901260965103,3.22958248476316,4.6717208470261244,6.663309101277917,1.9015469413831385
TCGA-BH-A1EW,17.226611540711,3.17125406976358,10.8241977753087,4.68761522472727,1.60996369539355,0.549135403068714,1.05583665604879,3.87140107217891,3.36220325224049,3.38092376032646,1.1363491300829125,0.8683696102202121,5.412731611924898,5.7139351193461225,3.17162159608093,1.7417408545344721,6.271500862042533,2.0099785337258784
TCGA-BH-A1EX,36.3768717382495,1.06313774797676,3.89184354170064,6.00625366100264,5.34416564384747,0.325111320251822,5.86624221651463,6.00625366100264,5.66453081343868,0.225442156379001,1.9945435206237079,2.9252588981881025,5.507861224587109,4.4105853325368365,2.34885560141502,6.5255442991894395,7.005099020586644,2.063917053692312
TCGA-BH-A1EY,19.0905878916748,0.568578386099439,2.98844799733865,1.58747085398963,5.3764772189563,0.340159069855977,0.377536048370028,4.34393886979972,5.89047207999019,1.26451833068515,2.1998136631432597,0.42373950716531633,4.414196433459676,4.673969048119933,2.3168408495295876,7.527422268624795,6.653312294655657,1.7592836888473304
TCGA-BH-A1F0,4.7132755042023,2.25930477861012,0.373601312389836,6.5439219349125,2.93768610900219,1.98991856915008,0.0,2.86296584652422,2.73122222583938,1.97025534218219,1.833041362741521,0.46481056796889325,6.197929636422705,4.409709343653472,4.635235139991833,3.4871389043593495,5.293457061842629,1.446089960191197
TCGA-BH-A1F2,4.59085612843921,0.347353553223648,3.17539039905285,4.31297328586029,1.83228999325474,0.674444815842583,0.155395559105663,9.51169813244089,10.4640257908624,1.11153137031567,1.9650465953992349,0.351512907881065,6.143218424531726,4.648100413011184,4.380174681817103,1.6814684015601875,5.274913119878309,1.670277099798023
TCGA-BH-A1F5,5.87901195739078,0.488778319713303,17.1858558847447,0.499032410336659,1.15871224043923,0.136721208311414,0.492196349921089,13.3542440218173,15.0188247330088,1.47317101955548,0.5432979013970696,0.3251561177415914,3.911317678895478,7.6396699130923285,1.5188875868624199,1.1605975458805546,6.108227523765454,0.6903723947612379
TCGA-BH-A1F6,1.56483691305665,2.9138342518986,0.179866311845592,22.6901352393215,4.03799870093355,1.00275468853918,0.0,1.69074333134857,2.74745791344142,1.14664773801565,1.3567256737454074,0.6170390411236808,7.318372825423765,4.329096015403138,4.5745528517325225,3.7001850097586657,4.1019517095273965,2.0090488212425903
TCGA-BH-A1F8,0.991962144407258,0.94277393889946,8.22809371022109,10.7230288007,1.86915180929632,0.0,0.88812037722413,4.18373014624659,3.67271934458225,0.767882541538401,1.1937430455626947,0.4864796785076736,6.347380869239226,4.271091643291645,2.8759147424852043,1.3717718171235702,4.170714170245112,1.4708975655224514
TCGA-BH-A1FB,6.4048449910605,0.798865933261348,4.33391727556766,4.67628838982253,1.2998968321709,0.932474172970563,0.754329853358277,7.46814389874633,8.25587581203191,3.25948434790606,1.6715279704457897,1.721674222151285,5.9317380775016595,4.865457436649223,3.5918710611846025,3.0912066554195494,5.082338861300718,1.4983300822645123
TCGA-BH-A1FC,5.74371631457337,0.804518807288464,0.672507981324722,2.17195170264873,1.25534823180615,1.09842970283038,0.0,2.0499039578898,2.73735656102174,0.772138793372829,1.3787869120540175,0.9166182919072065,5.922616422383729,4.442187731560544,3.8773445589780593,5.856006163591421,4.932728069281319,1.5188402660297267
TCGA-BH-A1FD,11.5756000096395,3.29916016053828,15.1715704268352,0.827643984910121,0.804812426705704,0.13837294165369,5.61370937351106,2.57996607709914,2.2003914219507,0.793396647603495,0.8901704591041258,0.8807306740074372,5.980980746602608,3.9783254018435965,3.856998760456765,0.34337638053024483,5.400640422739916,1.3579969747280387
TCGA-BH-A1FE,0.762091998910939,0.173993955044506,1.5294038060336,3.90180663825977,1.42239773769336,0.281869643432813,0.921296149368361,5.53821651263361,4.22282484328048,0.508931300642579,0.9814640049041591,0.5060765731988462,5.962895763832708,4.570424937496633,3.5865585724799818,0.8166288362968116,2.8211619758764144,1.8985635426635419
TCGA-BH-A1FG,4.85696306840976,1.72964986920129,8.59181163434344,1.37774413765554,1.26486871432954,0.182592596556758,0.368505058505457,8.25650522975739,6.16830989822647,11.0817106782992,1.2006798054669219,1.5879782373534397,5.795619117407348,5.5656078423310245,2.4686712317665593,0.5444239076271727,5.602896326686096,0.9340910802336468
TCGA-BH-A1FH,1.29436074433685,1.25043447473266,0.327982813044631,3.92115166666751,0.808243360717126,2.32516387104854,0.117136718944511,11.2392681827258,8.28449444735054,1.15086826362982,1.4666018279066095,0.7250067924986756,6.411882527143726,4.790672571560792,3.914038187704965,1.7933523638370916,4.369075978316578,2.203624695389796
TCGA-BH-A1FJ,28.2539663842314,1.07807081293382,10.8714930399011,1.58306187793967,2.90795416646623,0.439739410538796,1.73909844296956,4.88820002811836,6.75212772311183,1.67384678850251,1.5619312721078153,0.7519265483197269,6.309097586277293,5.413716602975436,3.0124138927548616,2.1009963136796035,6.612246514658637,2.0414770078054136
TCGA-BH-A1FL,72.7310637208279,0.605534101727274,1.85287854169083,2.93837515722958,1.5012780955266,0.828772480244241,1.16083956828823,5.53352130748932,5.26842573300043,5.85721695633893,0.35264554528092595,0.8621141113986487,4.808302667430803,6.708769384530828,2.071350804128843,1.0773797407970136,7.997582588709215,1.0555427479622854
TCGA-BH-A1FM,3.11510648056337,0.0,3.33421182934917,1.98464989842213,4.27731746107936,0.4001054195219,0.628737087820129,4.50277368954012,5.90314265786677,5.70626538794329,0.8649341780317589,0.3794667206543786,5.510832057521077,5.868671467777769,3.240590471089339,1.6916389683831872,4.374134597344499,1.6643571964108084
TCGA-BH-A1FN,8.934943086752,0.0,0.809813572817402,2.65888789741714,6.27155622504143,0.0,0.562370536678751,1.59713232416765,2.17299975372669,0.922287680153152,1.3541759694509639,0.9789219273546261,5.130409085220148,4.617909272870978,3.490753063730568,0.8561593782020098,5.1642460359906535,2.0540879314451184
TCGA-BH-A1FR,4.0721062691898,0.318600001501402,0.0,0.59737500281513,1.0304718798561,0.716850003378156,0.0,8.05958441298079,8.94071254213311,1.68758438295274,0.9494264125985477,1.9383531515741437,4.265674163249832,4.431278495612549,2.692938955552007,1.7389064607881783,4.737843843460132,1.3431149087300938
TCGA-BH-A1FU,2.65359990896176,0.264939452083345,0.282008281418518,3.48626675836656,6.26602831117753,1.013498538922,0.0,3.16245187248691,3.54093680403455,0.98826621015216,1.1102888543692293,0.5121738904877815,5.688878711007963,4.098600210790522,3.6630256368262986,5.874541696889835,5.187553178415179,1.7988379828146261
TCGA-BH-A201,21.0852421480252,0.235113568596614,0.387596363015169,6.53547098253269,1.12402945274399,0.694691942942572,1.21645627777068,5.97196550091833,4.74954620217818,2.12283546512923,0.5624744580963247,2.420347652652907,6.210143354718329,5.44159635171213,3.0670363210130978,1.077994918849497,6.595821393178145,2.0102785672972665
TCGA-BH-A202,6.86316465746975,1.0533506466103,2.38525401976865,1.06037298425436,0.940993244305198,0.117038960734477,3.000878953232,3.56734752318687,3.97464310654285,1.99668467013018,1.3666439430816593,0.062259894470126094,3.5617171570829815,4.8662007952831505,2.347325491633802,0.6591025359453948,5.876062579562926,0.932741527423418
TCGA-BH-A203,19.7333397803851,0.303740778480006,1.3931241448731,1.21006328841984,4.17316698185816,0.238909931303404,0.0,6.62121809612291,4.9302322187157,0.316478090817496,1.8378004937330386,0.572030913956666,4.8171527923360395,3.8509423923855666,3.8754597086421736,5.520414660280808,4.940809590831738,1.5261328172884077
TCGA-BH-A204,2.50072825027205,1.17004559626444,8.66354726287826,1.43922120653678,1.34370728031111,0.176762413415323,0.184515539299587,10.8278060003099,8.09914678972658,5.68742015252845,0.481927443013811,0.5615380435017777,5.998367992252512,5.86004313251862,3.772413660903852,0.5105625218945565,3.61354107515793,1.6288277910233986
TCGA-BH-A208,1.99400988687841,0.221556654097601,0.228633039352718,4.85746179513983,3.61875868359415,0.641171529282451,0.134276760059152,5.24350748030989,7.53964007732139,0.903011211397798,1.7215270656958435,0.794228688374166,5.807725098327349,3.9178996821981977,3.673456195294807,6.696908191951337,4.635114467986832,1.6319303107844219
TCGA-BH-A209,9.22685612795399,2.75899821385665,2.47688676422215,1.07668222979772,3.67780155899653,0.481401189284556,0.0,4.17473181890317,2.98675791631386,0.766100817356068,1.496364304649409,0.6794936372428126,5.130747920691107,4.532405282972219,3.3832908666303094,0.8599377525882601,3.827704837185758,1.790160890800169
TCGA-BH-A28O,28.0369104674499,0.521879354695332,0.141048474241982,2.61997540904481,1.21654309033709,2.24972316415961,0.521879354695332,12.4792637585593,14.0590066700695,1.50569246253315,1.670205845544553,0.7421787201388403,5.0713851307177285,4.411900738426315,3.7995639799891228,5.178499535321742,6.4917136290680295,1.2353594473909455
TCGA-BH-A28Q,8.82433288239125,0.359627650044778,0.320484504461673,4.09535160663237,3.0531653554822,0.0,4.03419044165877,3.74061684978548,4.32042469373522,1.85929941519749,0.3064955722596368,3.8613003470203893,5.538162542231293,5.697751583023756,2.1386179030540466,0.7937710585442241,6.165323086679833,1.3181143436097738
TCGA-BH-A2L8,14.1869134237185,1.21964288308229,0.904454272847543,0.972973535942053,0.873620604455013,0.85306482552666,1.19908710415394,3.50476030728423,4.97107253750676,4.12828560144428,1.2970152884144717,0.33651191551276205,4.732318048393659,5.416309440525589,2.7012385280521767,2.6063474667245723,6.495624816735969,1.0275079568264605
TCGA-BH-A42T,8.16322532812979,1.13597260074477,0.470166437530475,2.77997739237818,0.81411369720042,0.27610445156991,1.98164109241032,3.2375219121226,2.36029862599191,1.47045342207518,0.10822334117387104,2.6929850632375616,5.154514351804769,4.761056509330222,2.275215686654142,0.32665239100440335,3.9431149168565147,0.5294711598762631
TCGA-BH-A42U,12.6427142168221,0.229318921355245,0.0,2.92683360150773,0.974605415759791,2.7035493886092,1.69575307633747,5.39804671453333,7.85115570218878,0.727182369034395,1.4909294759134362,3.0877343818197254,5.613852805404234,3.975153244103694,3.374079633038158,5.534833556531027,4.982756337348962,1.3993351825020715
TCGA-BH-A42V,30.6785577996693,0.426837024578463,0.0,2.78998770370161,0.896075078088562,0.424010289316354,1.0034910180487,5.62520317159696,7.30145718202762,3.12636919989258,0.922958964236172,0.7318783488084315,5.329945196043111,4.929563783757834,2.7429116545048506,1.8310665106050728,5.721255073398554,1.635290054279581
TCGA-BH-A5IZ,6.33642108412412,0.0,0.0,4.83966266602264,3.03665108456323,0.565058653519578,0.0,3.47230699300199,2.58374147678036,0.405461934586567,1.6826182404182786,0.19547359238726497,5.494601215832122,3.937673951937141,4.007617123041616,7.640700452210202,6.081927562680162,1.2252132221751744
TCGA-BH-A5J0,19.5556764239135,1.98804340665009,0.974272927762297,0.434473062380484,4.14724286817734,0.541679948815387,0.214554208607141,4.77920368618532,4.41055987568067,2.18114254548586,0.6763576867328565,1.048096653272944,3.91582680762387,3.304759257456943,2.411751628964522,8.342580967330715,7.289653748192176,1.2330904317476588
TCGA-BH-A6R8,15.5944814384028,2.32883393427648,2.06040136241283,0.482453135917089,0.819807584340317,0.0,13.2765299056883,5.08933646384719,5.00590471853822,16.2292881961884,0.030124161455128837,4.295980101055883,2.986065011060398,6.515215705282813,1.8169682685479582,2.299098094577489,6.701805470149302,0.4056656747574566
TCGA-BH-A6R9,0.58762569507147,0.0,0.140748669478196,3.57501620474619,3.39556165116149,0.390577557801995,0.140748669478196,6.46740136252313,4.95435316563251,0.40113370801286,0.1631122443471244,0.41120928279036334,6.0738973348855785,4.28357364680351,3.35987252452224,1.372394965238024,1.2739335692668852,3.2906160820097314
TCGA-BH-A8FY,37.7289189549767,0.283676082368246,0.210130431383886,0.488553252967535,2.32194126679194,0.420260862767772,3.69829559235639,5.95719772973317,4.71742818456824,1.63901736479431,0.3297550857447468,2.4990422176421996,3.035007993807225,4.646588949733681,1.3380535310192614,0.24731993497981972,6.47959597524552,0.687239893984603
TCGA-BH-A8FZ,40.4528171765841,0.277019093408526,0.234375818009279,4.24762609893073,1.66211456045115,0.381403099620434,0.160590778787551,2.44097983757078,2.62565923317646,1.33691823340636,0.8681335998517574,0.4457267033499842,6.3721842433751785,5.235129642035024,2.8861599133374116,3.385196321300369,6.606597682583661,1.7324862930299445
TCGA-BH-A8G0,36.3597150329091,0.7725217836251,0.186149827379542,1.64742597230895,1.23324260638947,0.191181457213611,0.38626089181255,4.37452094341924,7.28776574190907,4.00687503434464,0.6156987816891009,2.2220007795286993,4.840720025838423,5.938179915075349,2.7056019781394722,2.6228366663822764,7.370939311621496,1.6724706022824243
TCGA-BH-AB28,116.802905021557,10.1677408470692,6.53729088215386,3.72968777716811,3.43197434040968,0.192962964034976,3.72968777716811,3.38235543428327,3.53948197035022,0.238170749406744,0.21661006874244174,0.37027589672848954,5.4709988179543405,3.8816254683131133,2.227556261050453,5.931293022883829,7.99298590609143,1.4243846715380966
TCGA-C8-A12K,4.18400934171365,0.206309802872423,0.0,1.30732094253962,1.10350698713255,8.95616752617341,0.0,4.87406516216329,5.43892098143431,1.69165582987866,2.21088754922081,0.08256635107141173,3.215911521029103,3.949049284022135,5.313906089263452,0.4242771641763052,5.4181764521385745,0.8347112158047251
TCGA-C8-A12L,4.43959759266819,0.0,0.0,0.819375598291911,2.17449678008238,0.26393348598826,0.0,1.7805662039805,1.71359800604318,0.874525878946174,1.575893164772001,0.0,4.151883164435158,3.068825561070386,2.4234974961237157,1.642239465794404,5.4430861000345185,2.3598865769063506
TCGA-C8-A12M,0.373226646247686,0.0,0.0,2.20203721286135,2.379319869829,0.0,0.0,4.82395440275134,6.95134628636314,0.886413284838253,0.2963105607080923,0.0,3.4816218582713634,4.180991202848518,1.726220884609513,0.041943829970167254,1.1538701748485523,1.221134667557041
TCGA-C8-A12N,13.7020098132781,0.550413269966744,2.8650651006216,1.67311053585918,3.81279655884248,0.0,1.77152880267442,7.00592254884823,6.20764105134679,8.20516735559696,0.2862897581340969,0.8090027749390863,4.192099455716855,5.8606077896423985,1.963400137716715,1.561008354138078,5.2847214021248385,1.5228592551916975
TCGA-C8-A12O,3.81575981365028,1.4354368237718,5.34008836733455,2.77539734504502,5.31375007699012,0.0,0.997562746795542,3.52603861986147,2.42970728427429,0.776979565160884,0.3078947755125013,0.05213762333517526,5.316873424465315,3.5041118640088307,2.653656238419666,0.10420244938244294,5.647415252889999,1.632454357689422
TCGA-C8-A12P,3.92095152995752,0.648522401342784,0.764063748708453,3.30597339075316,2.65745098941037,0.18635701188011,0.298171219008177,4.43902402298423,4.09239998088723,0.562798175877933,2.010744039424691,0.13422093976063337,6.008392764350166,3.4390512649042826,2.747365914830926,8.210647968284196,4.670387156973834,1.9870661431841827
TCGA-C8-A12Q,9.83800704332429,1.73938065791198,4.09163033958489,1.91156766934957,8.77570073547201,0.361884566411217,0.189697554973622,2.85421859637234,3.40871914167985,0.253902881272386,1.6724706022824243,0.2204537860491856,4.214894141184254,3.719150576894711,2.7076573042601613,9.199884562426247,6.646866836188672,2.2525973167157374
TCGA-C8-A12T,11.3321588015168,0.148618476085467,0.246393085317334,2.18469159845636,2.41876569829097,0.0,0.743092380427333,3.23616731676104,4.25048841604435,1.97291027003457,0.8114710305298359,0.35196748085944096,4.371252170200025,4.405264023172739,2.2743511279428157,1.9256197120029352,6.1008809603767515,1.879196028537125
TCGA-C8-A12U,9.42623000959564,0.760385386082749,1.46554725250586,0.335589081008587,6.52062328288838,0.169918522029665,0.169918522029665,8.85275499774552,10.9554967078626,0.480019824733802,0.8240753562515621,0.04711954856855063,2.0771746231396144,4.371363702257125,1.5631093074094906,4.703383140655578,5.578534218871925,1.8356411651367142
TCGA-C8-A12V,2.81156627045758,0.0,0.0,1.37653660675662,7.48321175174492,2.10964958712559,0.0,4.03602092915893,4.85102418924996,0.900793076942719,1.555030801182208,0.11196608960349229,3.339208662558042,3.564914658672826,4.303108551381075,0.9721044291183261,3.1881001999129874,1.8490384768960042
TCGA-C8-A12W,1.31982344510444,10.2954203482165,4.74498459116096,2.30470680142104,0.669880177575665,0.0,0.318990560750317,1.24805056893561,1.08456790655108,3.40123685400025,0.5277709887533527,0.022900402110078828,4.157140749149297,5.109093059279997,2.5858759183619884,2.9245179975233637,3.8980341735792883,1.6247559844996595
TCGA-C8-A12X,0.135138387587409,5.18255716397715,0.790559567386345,0.648664260419565,0.540553550349637,0.244709943627157,0.135138387587409,1.75004211925695,2.80074308274906,6.95962696075158,0.1686420355588392,0.3222743001542052,3.327098095475777,7.0835633602084975,1.3430666520989463,0.7843364614429772,3.448808467729545,0.7587295684578627
TCGA-C8-A12Y,29.1324809722298,2.12871713358112,0.800269599090646,0.48297017223413,1.7942898032518,0.0,14.8450010631315,4.74293115727723,6.79695646160989,3.81461842233208,0.44625622988956404,0.4424392936238634,4.52211226030768,5.114716827758901,1.9964249037649722,0.4718637684076483,7.314309519744279,1.51767883549196
TCGA-C8-A12Z,72.1596762899943,0.169787473623516,0.34381963408762,2.60199303328038,2.85667424371566,0.237702463072922,0.776777691827586,5.31859261125664,3.91784595386263,1.55355538365517,2.112600057946204,0.2332745389909343,4.079727968113021,3.857373940548556,2.19203631255154,8.807017072882001,8.427923738560239,1.7800160700936665
TCGA-C8-A130,3.78920460640734,0.614757104075574,0.575211325450829,1.95212343574875,7.29799369165739,0.0,1.05335573973183,5.24161320317068,5.26318362787509,0.399052857031513,0.2871176357881811,0.6583714559064963,5.262267770437759,3.712221577601007,2.385072044483837,0.9762903075647676,3.7036987446449117,1.3418719206444003
TCGA-C8-A131,12.4595854961438,1.02978814551461,0.434042937365664,1.60425673908682,7.87234739339684,0.170212916613986,0.170212916613986,1.85532079109244,2.32340631178091,1.2425542912821,1.0396999177209514,0.06805164299778978,4.446507686926302,3.30247991015553,2.795891599226753,7.236382594338752,6.733096693494491,1.7932300296898485
TCGA-C8-A132,27.3542269987451,0.517953974178806,1.07066996004746,1.68248136578887,3.51443938184411,0.434525146123159,1.04981275303355,5.8052559522054,5.03006309152169,1.37309946174918,0.6687545332150426,0.2926639733968575,4.512719923261772,5.436125185011398,2.9923696408469294,3.501935881766261,6.429788340897778,2.0452682151385333
TCGA-C8-A133,1.6535381993944,0.489937244265007,0.163312414755002,0.592007503486883,0.0,0.738988676766386,6.57740750425772,6.12013274294371,6.11604993257484,0.706326193815385,0.19836842310251937,3.8019036146786553,1.8180324746580945,3.5852510108792797,4.477865098811096,0.0997664862929298,5.837438714856374,0.40195806641377313
TCGA-C8-A134,2.07966507777628,0.400609167613746,0.0,1.72283833285256,1.36820070906334,2.40584412681698,0.0,5.61290658886145,6.5082571328725,0.437824226900269,0.22441078187075333,0.05963215988209959,4.584144741811072,3.2441107168704932,4.5279210844730935,0.9282755616119349,3.278728212938939,0.9359122870313616
TCGA-C8-A135,8.59925145964301,0.716267062756147,1.34350658098893,1.45681436492776,5.21215806118598,0.307549699262527,0.0,3.89293171961251,3.53682154151906,0.473153881537003,1.2482919377391002,0.10782175591285359,5.101826536620186,3.3856795182889305,2.4420411147274685,8.272469761744837,6.366629956363213,1.716903123215469
TCGA-C8-A137,0.637195455373007,0.0,0.0,1.47045105086078,10.798012216821,0.784240560459085,0.906778148030817,6.4307725957645,4.57310276817704,2.42994977056846,1.2128805663443847,0.10433665981473553,3.9991702117645023,4.661493092824223,2.2719037062632754,0.9601409803107686,3.387610689512046,2.8081172879716845
TCGA-C8-A138,73.726820483683,1.05760090028492,0.872735702267634,1.44452805892574,0.984514659208316,0.507304496884635,0.171967626062588,4.03694002181925,3.37916385212985,1.96473012776507,0.2439127588731744,0.22305178836844153,3.7831632660616172,4.2579836564192295,2.0395595572557057,9.611179020912195,8.138487868217664,1.4564382019387987
TCGA-C8-A1HE,26.5998423785365,4.26366079515394,15.9744465358021,1.19185158646508,1.03086074036304,0.251872775353186,1.84360485052332,6.74603577698534,5.06342177256406,1.63068147342063,0.7054913937470796,4.067733356217796,4.115965431586807,5.188048753884491,1.8500392781909694,4.147477662667276,7.974647467306021,0.8041361851831706
TCGA-C8-A1HF,0.151636688199821,0.173298920211637,0.106411711017418,1.90742991998723,2.51397667278651,0.178771674509263,11.7638146529756,4.3735213228159,5.21683413262894,1.14126560066181,1.223113588580102,0.6279803030659545,3.644733081811411,3.903674612859782,2.1958515085756445,1.2261385605693427,1.1756842707309973,1.145677455195635
TCGA-C8-A1HG,0.26619132845652,0.0,0.0,0.848934722800249,0.53238265691304,0.0,1.07807488024891,5.45026745014725,6.64147364499018,14.6737969811657,0.5799524688312953,0.0,2.992985906091431,5.9809027185664565,1.979805862252017,0.1191569418736321,1.837943241891027,0.8277377437338431
TCGA-C8-A1HI,36.4996187688284,0.235184204900781,0.603720278559737,2.45609896458238,6.76700119461938,1.21713887484734,0.385508129682724,8.16355894743227,7.81441950922905,1.27047962235061,1.1969217338203297,0.22416378734166367,3.963631332176486,5.021573002091748,2.3263647666407463,3.3763042767123808,7.752698422634227,1.36429227013537
TCGA-C8-A1HJ,0.15000169559609,0.0,0.0,2.05098472247731,4.97024849061659,1.38174638827937,0.0,6.5596895343367,7.54912379567244,0.24231043134753,0.5192399486612869,0.16607267594670566,4.855795398636161,3.4450910148440443,3.795195490817006,3.7641338035498344,1.6525094401836644,0.8339830110071211
TCGA-C8-A1HK,1.55387171528942,0.0,0.494413727592087,0.838148985822776,0.687470516461378,0.188348086701747,0.0,6.01301266795329,4.93001116941824,0.550918153602611,2.6664839308374257,0.10581215112923141,3.0992783699917066,3.5721135564842315,1.5828449947769654,6.554498296700178,4.467357743890879,0.8519988371124464
TCGA-C8-A1HL,30.3765282226525,0.260714106051556,0.41062574359556,1.81359703421372,6.1251673419671,0.195536068378838,3.73962730774528,5.42123749580328,6.32070341034594,3.01614385474358,1.6123053125340479,0.177343788281726,4.577350270774352,5.383883970247947,2.192604501573763,7.48910695931327,8.131303435589363,1.7655771779460712
TCGA-C8-A1HM,2.70262800727294,3.72727653872598,15.8021484529593,0.95414519213288,0.833336310140994,0.0,4.3242048116367,3.7507776518327,1.99289439144996,6.84352413667721,0.5215533305450947,0.15315678806142052,3.3450130819950266,7.04968630518753,1.7178244544876369,7.173350338234591,4.438665455314545,0.5191392826429724
TCGA-C8-A1HN,1.744605878998,5.86166201917553,11.7981310285684,1.2263003039205,1.24500205147484,0.213734257763921,0.280526213315146,5.77883999429201,5.65059943963366,7.61161125461763,0.08392815506235927,0.058662839378559886,3.889989393866611,7.162809221764483,1.954568570752994,2.668641087929432,3.0977287692010465,0.7163324802879873
TCGA-C8-A1HO,4.10391993397921,0.22748320233293,0.122963893152935,1.7614577694158,3.55673060944865,0.316193043770252,0.122963893152935,7.05812746697848,6.33264049737616,2.87120690512104,0.3559183715122783,0.06543444594863314,3.142119313774728,5.843019045723769,1.8661958487277308,0.12247394117564454,5.554346335745982,0.9791473479579414
TCGA-C8-A26V,3.20857279966577,0.282843159349944,0.75575692178305,1.10648243937698,3.48915321374091,0.100566356091301,0.409556894738719,3.35338849725294,3.15652965834538,7.12538487034379,0.13579751222339106,0.3682654829374926,4.4490991099313595,4.902063929144415,1.423524388244335,0.4077334309879327,6.100771653832123,1.5014646229920208
TCGA-C8-A26W,4.60979810046271,0.221572945039825,0.589059780715633,1.83202996020734,2.35083490469083,0.362082617504105,1.78339199666201,4.73949933658358,5.16643257214812,3.41816799360218,1.7876832008453192,1.4836223303234939,4.166402130843698,5.6381086004978105,2.2727398781174606,2.2031071666074085,5.360996282947893,1.1242619548126953
TCGA-C8-A26X,2.28783400561993,0.0,0.782597011577576,1.30327647492556,7.64609902843737,0.163350716874641,0.0,3.86880619433108,3.05465285164151,0.697394917575179,1.1827558509639613,0.0858325236749548,4.755416393387661,3.9543079985828116,2.6940332660851256,10.605159737695983,7.271533993682,1.9985565831303314
TCGA-C8-A26Y,53.5398136882035,0.0,0.112585035618134,0.568554429871575,8.3791412758796,0.619217695899735,1.86609696537057,6.23439634735415,5.14513612774871,0.973860558096856,3.9517463035298244,0.4017396747934819,2.628050316979871,4.075455616921004,2.671021567593488,4.327478991777351,9.494418810693505,2.015461886943748
TCGA-C8-A26Z,29.1681790391647,4.74804901439976,16.6766862389569,1.27896390704782,2.47712181561114,0.231272340490129,0.220055353334984,3.50809489972377,3.01489966759422,2.39074298964495,0.3246954135892205,0.16568687702987556,3.8490484883463125,6.0100883070879005,2.625527673021075,6.798550859595707,6.578757610299138,1.3389663042180522
TCGA-C8-A273,15.6056144998361,0.732671342063917,4.74668398652304,1.23442292262131,0.926529907279273,0.11403445012668,0.430480049228216,3.2300257998382,4.39032632987717,12.4240533413018,0.23094077612394048,0.07628544280891579,3.911662823545029,5.817856013998285,2.2248429205712705,0.8969305517528724,6.440445638128191,1.0182780850243496
TCGA-C8-A274,36.581715557714,1.43874456718607,2.08999447543885,0.686673543429715,3.62138547308766,0.108995800544399,9.20742025098812,6.02746777010527,4.84758822921215,1.10358248051204,2.226446874857031,1.7536901028433423,3.2071119612077132,4.486547057035104,1.1423480821446812,9.702393662303422,7.597649606223533,1.3079530462090736
TCGA-C8-A275,3.37611308348388,0.290765720108659,3.37342080829769,0.673068796547823,5.08570782671535,0.409225828301076,0.468455882397285,3.23073022342955,2.84035032143181,1.731132944721,1.5128336770486694,0.13382652729882785,3.621629934252106,4.757273989017236,2.237777842912007,7.947141880789972,4.38800350431176,3.166924283252786
TCGA-C8-A278,1.70917061803754,0.111165568652848,0.244564251036266,1.67304180822537,6.36422880537556,0.308484453011654,0.218498148498546,9.40738624724728,8.01503749987035,0.80872951194947,1.5092397819598662,0.29089618118830335,4.248124921363684,3.7980816293501958,2.7429116545048506,7.507597246989247,4.7083307257136235,1.9297531312100875
TCGA-C8-A27A,6.70887001770099,0.163812586447749,0.694962487960147,1.51898943797004,0.717300567930295,1.21370234504469,1.09952993630838,10.7694365544967,9.91562549785996,1.03996172305465,0.6240540911101006,0.014355292977070054,3.136946011139537,5.302589576604914,3.1053596040168645,0.0856965806792463,4.923139670256119,0.9160179664852872
TCGA-C8-A27B,8.01935647067291,1.28020624700797,0.567833416011599,1.81706693123712,4.87820525573601,2.44942687179549,0.0,6.92240555337777,5.57509172084116,0.76915617259753,3.181436542915609,0.014069582501655862,4.442545456105305,3.253762409552768,5.2746306755816414,0.6907299621565596,5.850379392540595,0.9157885728119449
TCGA-C8-A3M7,55.8982263982407,0.440350519539345,1.20932082977969,7.93945414333625,7.35779711379547,0.407488540469245,1.27175859001288,9.58255309684127,11.5476994452333,0.621091404424897,2.9047345607738104,0.15988747873050047,5.323831196570373,4.16443231756545,2.881919074973241,10.018091798711835,7.7869778938208185,1.9493481642885633
TCGA-C8-A3M8,33.1343398632327,0.331235679712096,0.107718920231576,2.92726165729307,2.66873624873729,0.107718920231576,0.231595678497888,4.69115897608513,3.11038382168675,2.80607787203255,0.46226176929634905,0.05436228844968911,4.6891369880253055,5.737740834423525,2.6970620804973913,0.9768768285773743,7.559816811261062,1.2555611589003537
TCGA-C8-A8HP,67.6885898029692,1.23547256464796,0.656003131671484,1.48147373902477,1.28467279952332,0.34226307391828,1.86960892526373,5.63616023961083,5.27535851719151,1.06053839620223,1.6129657791939087,0.20238637533478931,3.241733426281993,3.983978604758155,2.80423946129876,8.843104810763277,7.040131879087852,1.517527670337266
TCGA-C8-A8HQ,66.2620331970941,7.60708180555576,0.711927933275583,3.52997600249143,1.64798132702681,0.201053721897271,4.2287200851508,5.28013217179391,5.19443714278851,1.75015616930247,1.0304773390232687,0.13671638448831194,5.017481017150792,4.464119311201631,2.5030942691573395,6.735151166343194,7.37659253406283,1.5520819106531076
TCGA-C8-A8HR,6.18052261470674,3.97188117512728,1.39589812397537,5.49634886315302,2.24996737088135,1.15253430630861,0.202037886364856,4.16932729134749,7.30091453000276,1.22141085847845,0.9724720977767266,0.4366948875528766,5.184038237817548,4.246134420504398,3.059528335259631,2.101448380489909,3.6953368811008147,2.3503275082709614
TCGA-D8-A13Y,1.06693449639325,0.794444031487064,0.0,0.486133735495486,2.13003109891459,1.266504977733,0.0,2.90912355491398,2.62895730226396,0.303193615881536,0.9408057181667444,0.2705887419720672,2.5076170668043076,3.722935916778834,2.7056904395507604,0.39517250599577874,2.181706860902227,1.3045110418099528
TCGA-D8-A13Z,4.01780215720355,2.42410192783262,0.824809767832323,2.49120509538508,2.31505928055988,1.361635108252,0.111838612587434,2.70369845930121,2.98049902545511,0.657051848951172,1.9289955922492135,0.14365463452603766,4.609205338163835,3.809908292383426,3.036890110540266,8.41015621014877,5.693754563063104,1.9634741239748859
TCGA-D8-A140,27.3553328933758,0.619700097908189,0.291406593659208,1.82590207419377,1.789015163604,0.188123244007843,1.13980553722399,4.3747875959471,3.902635140398,2.64479148928674,0.7359553540122641,0.1087586143609367,3.9215505840730622,5.690866819972138,2.0456526495698917,0.13185284596466235,5.620536560371749,1.509797169018756
TCGA-D8-A141,28.3129352137958,0.136990102385499,0.245878725260927,2.91366289434199,2.8890750218159,0.623917265349603,8.64878416105312,5.21262897553166,5.91645682659107,0.599329392823511,0.5389354087733312,3.52457775747599,4.827692021224404,4.311633893740577,2.5330150697629654,0.6656656383706794,6.697091279826271,1.5344102780071276
TCGA-D8-A142,6.21146387397123,13.9740337625609,3.8226198151489,1.96645512897163,2.69859594071285,0.490440479659988,0.0,3.00600121743753,3.26647439084547,0.549105608805919,0.5420103555366091,0.10514166032342377,5.034664726555523,3.1842485516050294,3.6893327111932317,6.405149974586404,4.354607311069759,1.488772059299853
TCGA-D8-A143,7.47015089750247,0.293715883408157,0.263386995040516,0.795099690053482,0.920043927061886,1.010912463068,0.0,2.85478650619202,2.05211443813803,0.151447560010187,1.7720967921956916,0.9432087085884463,3.931805955072295,2.897666393433641,3.659673434562648,6.6822965857237255,6.2997044032758955,1.2524156590326505
TCGA-D8-A145,4.77806145391919,3.07660542398699,4.0244485091547,3.20479731665312,0.574921215593529,1.54995652041769,0.155384112322575,7.4933988167562,6.16098005359011,1.45284145021608,1.655947103739834,0.19509557717721837,4.663760174105489,4.593873621255477,2.999711432134074,2.5523770710948686,4.99302667906501,1.4314625027786294
TCGA-D8-A146,76.1156225078122,1.64511066914154,0.59196450856139,2.48143262019048,3.31431291711987,0.137666164781719,1.93420961518315,8.5628354494229,7.69553861129807,0.71930571098448,0.7596671860176608,1.219338922698467,4.744597068116355,4.37695017094954,2.921493458570706,2.635057829725214,7.711388903215612,1.4873834430365063
TCGA-D8-A147,0.823512361822656,0.324621055490259,0.338289310458269,2.81907758715225,1.250645329573,1.5035080464812,0.136682549680109,2.81224345966824,2.1288307112677,0.0,0.4451969823817089,0.037452509939606575,5.199511382124872,3.1152829953991947,3.756019840446845,6.884080137921417,1.767442933189475,1.758772200660135
TCGA-D8-A1J8,15.2813648208061,0.301757184122922,1.26068525096486,1.53688744260792,1.66268250018793,0.84774930108266,0.309018293620454,11.4500849149455,8.90957168686228,1.43296978634617,3.3635635937971893,0.04488367823976479,4.31356512521836,5.453553794291417,2.172711519088084,1.7160690304821808,6.948847271276272,1.2082675289686924
TCGA-D8-A1J9,33.540568431243,0.899419334877403,5.07228089101232,2.65606302348981,5.87842710968021,0.177663078494302,1.62783795670404,1.90099493988903,1.34357703111316,3.180169105048,0.8141812431704032,0.20213558088984854,4.572907853537577,4.357439399635129,2.8590352696419887,9.138911462232292,7.480049380355229,2.2725607392284384
TCGA-D8-A1JA,3.44613022057422,0.098601723049334,0.483148442941737,1.99175480559655,8.29733499460146,0.098601723049334,0.194738403022435,5.96786928756094,6.81584410578521,0.544774519847571,2.4584082538269754,0.107553970289646,4.200182595696132,5.721484767510352,2.574561740395056,1.712155531728054,6.012957451562136,2.121711706369182
TCGA-D8-A1JB,3.76595602140625,0.58383460213517,2.50469501068676,1.23452049459116,1.93423066661575,0.846783010730399,0.0,9.22993481696134,8.09346288150739,1.34593931179253,1.057415612427243,0.344942090560028,4.067268703502356,5.444090562671449,2.6521881732531276,2.9976356505306683,5.0456264413853065,1.4835191480147036
TCGA-D8-A1JC,11.7355993954088,0.942812337742886,2.47011749942341,0.851326504430908,2.21853145781547,0.0,0.803042314627364,3.722965161168,3.96692738333328,5.32650851727517,0.12512206056982392,0.9129563810806243,3.5393201357268795,5.56385977840709,2.376484878417343,0.9763636357327617,6.141943627722971,1.6065843585726753
TCGA-D8-A1JD,6.16171672542629,2.74600854456084,9.42620240777134,1.00094891877786,1.26498820190871,0.0960142847748545,0.736909635647009,3.36049996711991,4.06140424597635,3.62213889313139,0.3617683594191533,0.19522159325284455,4.247676918331542,4.515113180709272,2.2796198662682423,0.27214266196417575,6.549798526993093,1.122142584220448
TCGA-D8-A1JE,8.02729420654357,0.370203681058247,13.3513025406114,1.19317445405823,2.22388542218443,0.559300525339797,12.4697383792425,11.1567138126115,11.3697806794076,6.4026593472232,0.12021921162499426,0.49733133523027473,4.615828235234963,6.809378427861633,2.06801723700132,1.0087020078864728,7.086170201621742,1.606915941825205
TCGA-D8-A1JF,5.24171699041083,0.0,0.267749787329433,2.32221450164566,2.88088473097727,0.203250923175522,0.0,3.9776290521536,4.21705915043858,0.40677371536587,1.802193216941825,0.17785402525994942,5.177718511162182,4.257817758328435,2.1438178704073274,2.1698608802377914,7.35547443607188,1.3789554611409065
TCGA-D8-A1JG,13.5170569180122,0.507482487799054,0.164174853347284,0.922479849316972,3.33420737310967,0.269270208026178,0.0948565397755241,2.68444007564733,2.98560958943462,1.17384967972211,2.616616474267032,0.08161232285788984,3.4516990724243364,4.13119435170845,2.3293245547382924,4.119547084925453,6.4178238294361645,1.3632832356391549
TCGA-D8-A1JH,12.2170420840835,0.0990838774053813,0.621751330718767,3.50013796934509,1.82809753812928,0.567255198145808,1.20386911047538,8.30075182963582,7.22816885672256,2.30370014967511,0.4346682556143521,1.1364539092686508,4.843642218426774,5.4408924166098105,2.8077258530933147,0.33514020631421343,6.229635986140483,1.9704855729401225
TCGA-D8-A1JI,10.7350435822831,0.393091441102855,0.2315705732026,1.72636034958573,0.435109268916575,0.461983755522943,1.6047856770797,2.29370882128058,3.60671528434578,14.3822837574642,0.17555653643184002,3.150917056754209,3.2082363095743656,7.533025196111551,1.070801467600211,0.13395801010054917,6.2624951729412475,0.5048745893984644
TCGA-D8-A1JJ,40.7594031081757,5.02045159171018,10.5181002132286,1.88055160859335,5.77719007684984,0.471549727680315,0.0,2.95918631502377,2.56669881713417,1.50500601708747,0.21362723851194745,0.20776793757217057,4.357615341058845,4.818277949242396,2.7209131989696167,8.122313449654381,7.64854381697474,1.6946127959664312
TCGA-D8-A1JK,4.63078664441972,0.17327545909896,0.645451085143627,2.19193455760185,6.61912253758029,0.242585642738544,0.0,3.66044407346554,4.8993636060231,0.944351252089334,1.3059121701566208,0.13946949503879594,4.908308548685997,3.3675108549069974,2.3625259963627423,8.544427426269955,6.0498463717960265,1.7601783570543852
TCGA-D8-A1JL,2.23190981737609,0.510584125832356,1.03380647260116,1.15766103777831,7.46666092925138,6.38735686127902,0.187045669859378,3.50837013195698,2.29257327787102,0.427171867651822,0.36893593219789994,1.1534162422552479,5.2443695440426,3.64197368778318,5.035117998080349,3.6679829292987995,3.611148767820649,2.0992615354492012
TCGA-D8-A1JM,6.07993301147431,0.335938327626751,0.0,0.322170363379753,1.85041439479653,0.495646712891927,0.0,9.05381328882587,8.45628364050616,1.58056229555537,3.7671356735947614,0.10567807789453719,3.480290976572629,3.4548339068988687,2.033581579146999,0.3394794854723219,5.916861152633161,0.6447792192629533
TCGA-D8-A1JN,37.7237396646837,0.0,0.583623670420559,2.12740241153301,3.4782088100064,0.0,8.1895579559014,7.28117595274681,8.14249153086748,0.354809303789676,1.1439158030714447,4.55158369043506,3.899919992830797,4.605820242762677,1.4061012382118598,9.835076759920922,8.355523768978365,1.2577951343833698
TCGA-D8-A1JP,6.72112271664245,1.45480808634,7.06556326044881,0.747798549053273,5.77391122117497,0.0,0.761394886308788,4.79950705119647,6.61235201859834,1.12849599220767,0.29994795406002783,0.751463721165559,4.183430933502755,5.563386966162014,2.1259486020433327,2.24376046500504,5.181357027985289,1.8283472387679982
TCGA-D8-A1JS,26.9969091941944,1.12819243509693,0.901327651952438,1.28454519104786,0.757237857252558,0.0,1.38571462136905,2.73770609929771,3.98546240659241,1.67082847045605,0.041523362184350425,7.3147264304571165,4.091852134078515,4.34647472890149,0.5912006729323761,1.2617113288766852,7.653909844419932,0.2994791279803835
TCGA-D8-A1JT,2.07210312641761,0.42034091993043,9.2711814170571,1.78792898336606,0.740036830863434,0.0,0.944286996181742,7.0954731343186,9.04028992582771,21.913970635528,0.02048442206508403,0.12035194036522208,4.96804465881562,8.530836642799759,0.9847716123854251,0.32100447447112396,5.475428649710067,0.39769345523669164
TCGA-D8-A1JU,19.3058044498342,0.11798810970105,0.451304519606515,6.51884306098299,2.19457884043952,0.811168254194716,0.11798810970105,5.14133188022324,7.94059978288064,2.17688062398437,0.4170558598131493,2.678545211775301,6.005682929446213,5.145131246908224,3.25823246779168,0.21200896011356488,6.824247238513955,2.3713079373063666
TCGA-D8-A1X5,23.997323538353,12.6154562361226,15.4390818978365,1.17068638202246,4.68274552808985,0.361106776271055,0.870151967533113,2.79916355820893,2.89002279979873,0.789776484588288,0.2959580677208221,0.23106369991227277,4.0199509401816655,3.5914161273938277,2.1292830169449664,9.30707896629309,7.289917439883449,1.3215818065212828
TCGA-D8-A1X6,7.25430837900301,10.2952424641816,34.2124934021787,1.60912787100833,1.60383468722212,0.142080697826249,0.356593322583018,3.23413529337529,2.81862036615768,6.25918982719523,0.09504672450704019,0.7885186740218353,3.591380220551312,6.096976528706411,1.650259067848937,2.4019034716079584,4.707822928846488,0.5797594274125433
TCGA-D8-A1X7,10.435253003873,0.521054695444403,1.41307767949324,4.49126492921099,3.06969179272681,0.164245501824866,4.11180118361561,4.55356494714456,5.59284251903639,0.563531980399109,0.07135080412884309,2.041313082328632,4.649799376588073,4.678314212445827,2.4527535584858917,0.7704485048492342,6.619178216059069,1.7788813967628012
TCGA-D8-A1X8,14.6975686999199,1.12935518119636,0.36369065157171,4.84601841874936,0.874133671321477,0.839040713713681,1.06874007260108,5.18737718820702,6.53048038392359,0.548726246231,0.43498843946050963,3.4829386099838975,4.844792370584804,5.214361866687226,2.6774180357687714,0.2315552903560406,7.224272817483758,1.2369517585880805
TCGA-D8-A1X9,8.34785481472025,0.898960570346629,2.85986606373729,1.99401169003232,1.99910495105412,0.606098061593478,0.221556854448036,9.04563157470602,5.21040602529519,0.557712081886435,0.5636462694840639,0.09234276899544701,4.719188917673522,6.418528988674204,2.6377261579307194,1.0680516429977898,5.796802785729493,1.2958405509170354
TCGA-D8-A1XA,48.5439350730588,0.9750409315246,0.558817925182083,0.85942342976279,0.346852505285431,0.400807339440942,0.0,4.3279484826171,3.9001637260984,12.1668151020678,0.22465773412073844,0.16658691407044984,3.5865245743782443,7.381298948541782,2.9138946819877782,0.09774562163851885,7.386103045393268,0.5180314926021693
TCGA-D8-A1XB,37.7598348917215,0.923147020501517,4.8387174746094,0.740301475378028,2.35023420195314,0.495020866066031,4.3481562559854,9.50796834642142,6.93475177236647,1.78385897681452,0.5565029891812006,0.2895984221401878,4.590560104386374,5.439516759807408,2.2231753861445624,3.1769131354230544,6.754540144877459,1.2474414711444077
TCGA-D8-A1XC,15.8858357163824,0.63838650910558,2.62303028231136,1.6328797783925,0.887164428874415,0.49507525195943,0.173710614722607,8.00805933871218,8.1426850651222,0.0,1.1858031287509205,2.468087997917803,2.929071364047597,4.178770404124737,1.0092038273298398,0.13842131042024963,7.460586951368428,0.7091141484712093
TCGA-D8-A1XD,1.33903956460202,0.982820706070069,1.55792103189273,1.21457755378965,0.789689999637086,0.17167173905154,0.424887554152563,3.78965363956275,2.78537396611124,0.969945325641203,0.07942931500291513,0.20100646605609293,3.760103822557727,5.347676285154555,1.8426168559185685,1.3346826799357212,1.7483753557433246,0.8970080264483179
TCGA-D8-A1XF,0.155999238978985,0.404179846445553,0.0,0.687814826407344,0.153635141421004,0.194999048723732,0.648815016662598,4.40697850115633,3.78298154524039,5.52733667200541,0.5760867241794005,0.057970068637329945,2.456149034647996,6.044127414715312,1.5010569236595144,0.11569915343158636,0.39736488547837867,0.8006618032449503
TCGA-D8-A1XG,75.1496211598914,3.12893082069285,4.52202369492358,0.869761688673158,0.539236031081468,0.147417235368332,0.0,6.98389152557472,6.67062990041702,0.353801364883997,0.3182300600759185,0.09936253975777228,3.213844945120525,5.302852742076355,1.8116765280076976,0.35985847200125276,8.181405731400188,0.4846021943722032
TCGA-D8-A1XJ,2.941543771759,2.26732671501571,7.40551315551895,1.68826125902249,2.69686822697313,0.434978746285988,1.76438253962254,3.17534484788772,3.50157890760221,0.282736185085892,0.4831579518080843,0.597221268400312,4.120260690668071,3.0802995031005818,2.0531113364595623,9.787159151461404,5.4701300939953805,1.2383588780915438
TCGA-D8-A1XK,1.97705794982877,0.539442823964195,0.107888564792839,0.741733882950768,3.01818260007967,2.77003890105614,0.0,4.68236371200921,4.20225959868108,0.374912762655116,0.5263693418303013,0.030689204071140407,2.7497702282298873,4.197550907419874,3.1041688948234554,0.1571730940334645,3.144894764255028,2.6029793978573053
TCGA-D8-A1XL,22.9904795133069,0.718359721397065,0.50166443353762,0.195916287653745,1.49015115760879,0.516506576541691,0.682738578187293,3.33354531871448,4.58028533105649,8.81326451581771,0.7240390157672681,0.5325663232675124,3.337668281551249,5.706124374777724,1.3920425975486905,1.218595201550857,6.086441985574733,0.7346554334790052
TCGA-D8-A1XM,19.818958190329,0.245336942076193,0.280004118673916,3.21871401180397,2.70403977462239,0.565341649132098,2.0000294190994,7.29610732087462,5.91475366874997,4.5734006050073,0.5273706571404089,0.1904252273692713,4.441875174413912,6.004568806315974,3.180673018614044,0.6784325337961525,6.733693279894345,1.7762724681668847
TCGA-D8-A1XO,19.1888116767657,0.457779386416347,0.31963294436171,2.02614781680135,2.70333625824565,0.108350150631088,4.90013556229096,5.85632564161031,7.31905267513,2.41891711283904,1.9811585317591025,5.011097518873195,4.494940364078757,6.2447729173424795,1.9947969266913872,0.5043661506122717,6.611740432670629,1.1685136761974937
TCGA-D8-A1XQ,1.46095691361664,2.82451669965885,0.918691824958935,0.897632986564461,1.18719201448848,4.51185612601609,0.0,2.98509034241671,3.94063513456598,0.587015120245967,0.7439888231908526,0.016353683577834812,3.8271483203380603,3.208329965730691,3.519076362814409,6.3750880997563115,2.9620862498506435,1.0741628755070072
TCGA-D8-A1XR,122.947105721439,0.99261388259075,3.62291565711334,1.16513367578662,2.7428146831286,0.167519219480051,0.730083762510073,7.96091335558929,7.81089614411461,1.42516350900939,1.1127001327493624,0.772223505562853,3.573871336868049,5.378879186220855,1.85662721169839,4.265346874831214,8.807917720958768,0.9739418361280539
TCGA-D8-A1XS,16.7313520882559,7.83099665094377,14.3732788670333,3.9237241622901,1.82887771925052,0.307097907880148,2.92839790728569,8.05309424503566,6.97550962184907,5.33034225820542,0.2539892662307867,0.22995700858436255,4.957984225091863,5.576159302262585,1.9702278600718368,2.4250295475262855,5.826545945094771,0.9958824488320058
TCGA-D8-A1XT,10.7984450489166,0.750109062732267,1.42729085547667,2.19823628106262,2.4743180888738,0.718854518451756,0.0,4.32875438285079,4.87831345311644,0.815222696649998,0.49865936049888154,0.16208110338237527,5.268887223342832,3.4962578062804806,3.4179335060182883,2.7771777117305123,5.509740173408922,1.7248248687367973
TCGA-D8-A1XU,29.7177162932182,1.74396442042549,3.53012152844192,1.59394597565771,1.27515678052617,0.21565151435369,0.724307803644458,9.12299667244088,6.36406371163334,0.991528158387074,0.3368546391254651,0.37473347803121404,3.7081761977608765,4.12249878987954,2.0538759360028758,0.49876146567185237,6.667332986753144,0.8048796082546724
TCGA-D8-A1XV,10.3086521254556,0.174501093956083,0.0,0.772167340755668,0.174501093956083,0.554040973310564,0.90304316122273,8.56364118589478,9.88984949996101,1.00774381759638,0.04292444517384094,3.855650903170939,2.8546938782742153,4.10520034071057,1.1342209397606338,0.0708014676002111,6.086548137276576,0.5156115394920412
TCGA-D8-A1XW,2.70526085271242,2.35328605359607,0.354883681753672,4.48549702675543,7.39147078144328,0.57304987955306,0.0,5.50069706718191,6.19301113486531,0.596320940651662,0.487280529383726,1.6951475400803735,5.887125549854202,3.3235285982676137,3.5500756799430766,5.588573731731425,3.7012385280521767,1.9813046903632738
TCGA-D8-A1XY,32.1380721690299,17.32146604389,42.6251292962255,1.55327475379418,1.42574272137739,0.330275263438341,5.28440421501346,6.99464147024368,6.31774068280075,17.4261077115141,0.06777637204849275,0.31556623031894865,4.577259622464778,7.083053769262051,2.125684160289193,9.886740805311392,7.995481692277871,1.4355219213439279
TCGA-D8-A1XZ,4.95863392564957,1.68995018363221,3.80306606332642,1.45937913129074,1.41597752143823,0.309236470199153,0.374338884977922,4.33744838463548,6.20914280952509,3.75423925224234,0.4474205045904968,0.30847737659496083,3.8171115727956972,5.591422111780696,1.9604005011791936,0.20037879798402625,4.443261848592535,1.4550707183853342
TCGA-D8-A1Y0,4.25548317214697,4.08822667464541,22.2761760886728,1.88044090762474,0.425309379361124,0.731149831935415,0.358406780360497,6.0307914241993,5.60787142337391,1.95451164223258,2.4581457356224354,0.09058247636244234,4.405298065779613,5.474400348601408,2.639857272843722,3.3724088961773386,4.276727418837923,1.5874610073779383
TCGA-D8-A1Y1,10.8614278739279,1.06368155076261,8.18156998632694,1.86660621650817,2.4294280079311,0.177853751490716,2.09121858280998,6.64284618959269,7.33217379651894,7.4999876334111,2.1173625861546554,0.2667565623046648,4.911902458758123,5.373042611653134,2.0588706057482473,3.080555340919501,5.745194298078801,1.547104291178951
TCGA-D8-A1Y2,31.7744367118644,0.647202812287745,1.43790308069359,2.29888781740217,2.77623649795829,0.471491641530891,0.922483646473482,3.70164866394439,3.42051079073342,4.00328617374365,0.3585087922824307,0.8279815726475619,5.137483030777102,5.930079697168908,3.2827511444402226,1.0179219079972623,6.1448866089893555,1.8183188576126903
TCGA-D8-A1Y3,3.60742258322116,0.289606021879797,0.112468358011572,0.444250014145708,1.20903484862439,0.174325954917936,0.0,1.85010448929035,2.4405633688511,5.74713309439131,0.06818925877896807,0.08079408195824242,2.666256673927092,5.318642224573041,1.5093411410803554,0.025170575734906053,4.28743535550644,1.3026992347186381
TCGA-D8-A27E,5.71469415629193,0.105876686545473,1.36845617360024,1.41080684821843,0.704079965527398,0.114699390835308,0.0,6.64905591505573,6.98256747767397,2.20752891447312,0.12287146908839316,1.7980505147675143,3.6916458243009274,4.706027648929674,1.584962500721156,0.04460395064976797,6.000489080877494,0.8434211234390571
TCGA-D8-A27F,3.81929342482438,0.232198310172037,0.180368499317967,2.46728459537553,2.43572018690591,6.95469133280694,0.105214694898743,2.61984590297871,2.17268344965905,0.360360330028196,0.18472462050188018,0.11330043583336065,4.598805855628278,2.86896326854108,5.213024486356348,1.390942772802543,5.660229843286101,1.1983684231025193
TCGA-D8-A27G,23.2138319842607,0.282428882069105,0.300650100267112,3.09153335426182,0.719738118821268,0.33101879726379,0.750106815817946,3.4893632849183,3.33448293023524,0.270281403270434,0.25713134077342537,0.43818637569136176,5.266632894859909,4.458152299159765,2.6874190773718905,0.8375396343794035,7.441537426922701,1.4022855918699961
TCGA-D8-A27H,6.93350216145387,3.42915074362578,0.0,3.66076882016892,11.2560369146032,6.89740583783676,0.0,3.03509921080562,4.30147856437269,0.502340503671496,0.16658691407044984,0.4360552060285529,6.698303225732812,2.55372911766452,4.648868052924329,0.18789440479079594,6.072517450200034,2.676741307205067
TCGA-D8-A27I,22.8394944133472,0.259226331182641,0.904534432211768,4.65504305357764,1.03414759780309,0.455024943033359,0.595669016334579,8.16011397839824,5.30862433538919,5.0107898272219,0.5917751466753883,1.0968690337528157,5.408569214637383,6.36172099389685,3.2132850617377056,1.6017440509545582,5.533631868372508,1.8647705344848473
TCGA-D8-A27K,19.1109189666957,0.626637618069837,3.48471651024202,3.29519684038675,1.83406132118001,0.250655047227935,4.56681268973823,5.23930184083757,4.11441089718049,1.10655033044527,0.44636211187859465,1.1838993345436835,4.87110930330969,4.855850203475297,2.230602681691387,2.282943844710541,6.850533167926599,1.2161754565864544
TCGA-D8-A27L,10.2454076282171,0.572169361436208,1.58112872646881,1.83656147710997,4.81490734958595,1.69096480924451,0.441898658609214,5.82642104212496,5.75745419945184,1.42020609356487,1.0297002342154198,0.46999013822107316,4.808771159327176,4.466718468260143,2.6502131053135813,2.4525690790540065,5.544701749538148,1.923263298176946
TCGA-D8-A27M,4.54018263838021,0.185283432151092,0.219008970757276,11.86937292231,3.49430477129912,3.62302820109372,0.0,4.63404347260543,3.29049267412434,1.12096653446127,0.7151026360576046,0.22268093149457158,6.780160466798246,3.737297375872177,3.9280007183280414,7.5664034401970754,5.47178899993618,2.181484249770282
TCGA-D8-A27N,28.9823679140129,3.32903614608187,3.30579680125756,1.69356725407132,2.21354759451517,0.275967219788637,1.20554101276089,5.17656405961422,5.38281324492994,2.07411152556933,1.3227934523306157,0.2938412992667393,4.248094552672551,3.90499461081877,2.788372501137855,7.4383885068083835,7.141337755331773,1.3154502999849325
TCGA-D8-A27P,16.8249162086884,0.257648394723097,0.369018038847175,0.861042090643408,2.65231715421407,0.203728708946878,0.492024051796233,8.14146048206579,6.96905942114508,1.37228583196293,1.081407806135862,0.6401581549632809,3.83131991285765,4.577452998640241,2.0062621131848415,1.136847604192881,7.986285205954992,1.1672294540716686
TCGA-D8-A27R,3.18841516148753,2.6529969983494,3.89516713682985,2.26481883007426,1.11099268851161,0.129049698188529,0.527386890691052,3.37045733695449,3.48824933284488,13.1900264489077,0.23682933548639973,0.258096757817156,3.8551724700789736,6.3781404977118,2.484963029221292,1.9624379709229882,3.5099491463043107,1.1086917160724137
TCGA-D8-A27T,16.2727980745848,0.252315008442095,2.63866779912938,2.1157981430807,1.73884560034793,0.381225482201037,2.23131585778913,6.22883677467293,4.15863772950345,7.71536736657877,0.258096757817156,0.6392321632492772,4.881057659282247,6.625835940725113,2.75411785955205,4.4746891254458605,6.122471870431001,1.280956313831056
TCGA-D8-A27V,47.2693482454502,0.330903378262756,1.75617997740656,4.22599495130749,0.46047397818492,0.647852999610818,6.55228556837156,5.73898087962937,6.80544658668102,1.18008915621417,0.8803328886746402,0.13000830410860617,4.795553976646548,5.596094318897235,2.154161913255577,5.706583043359866,8.734265906340614,1.1186255135442458
TCGA-D8-A27W,2.57736006518114,0.534580419521243,0.323023062008581,1.27161895537181,1.28071819655515,0.350320785558602,0.090992411833403,2.28390953701842,1.99500862944736,0.955420324250732,0.4710313442715275,0.07614859718008292,3.7077014726757014,3.2862453941358494,2.1413346895631036,0.2878268672850812,5.092930465296696,1.1129002615325498
TCGA-D8-A3Z5,158.931276792624,0.862867232371974,0.136421696817703,3.18203607827293,0.0,0.886741029315072,4.07900873484933,5.28293020926556,6.07758659322868,1.77348205863014,0.859731066521022,1.5795180893098226,4.989752113315336,5.427810629477328,2.770131310502621,4.362918688564344,8.550156121315677,0.8181143041604501
TCGA-D8-A3Z6,87.8031020783956,2.14576742403709,1.78268787515276,1.75324899281079,0.451396195910241,0.261678954150864,2.97332711653919,4.43545827285715,5.78964686058787,4.08219168475348,0.5059925243950385,0.20188474283985725,3.8597807534595505,4.895578917513215,1.7280075580493628,4.9902832611257555,8.908827315407693,0.7038094665262459
TCGA-D8-A4Z1,26.6473432620727,0.21959079738008,0.0,3.98008320251395,0.380623316822814,2.06964326530725,0.0,7.57039273967825,6.92808965734152,1.14736191631092,1.1738310155676999,1.50726185443248,5.3477294282479075,4.415156967515254,3.1950010578964894,1.5625233025782719,6.146602276716126,1.6914448311911374
TCGA-D8-A73U,45.0289337260092,2.46171847249253,2.03912346804798,1.35804802399171,1.53447118118701,0.492343694498506,0.369257770873879,4.64033932064842,3.41358294852297,0.484137966256864,2.190140731364493,2.292192773901891,4.043335754880712,4.408874868208958,2.642100805114698,9.792515391604416,8.128151087898392,1.522507776366807
TCGA-D8-A73W,45.6265958857168,5.52251540819424,2.74662575562726,4.82018188164115,1.86452829073023,0.0,0.602000165616934,3.2859175706591,3.31518146759881,3.005820271379,0.05907834220125303,0.8834644181023225,5.5331490433936406,3.9407305601848623,2.3545932071691924,9.066995166045906,7.786904731132995,1.3961046743904644
TCGA-D8-A73X,224.020124234891,5.067062842287,3.50197424949116,1.63236615673956,0.948967744048159,0.322224122046203,5.23348628993724,6.31700916187282,5.59820150500052,1.42699254049033,1.147762557464937,1.1378969323896189,4.889858015278178,5.354628466662086,1.9710008606097698,2.638699448762374,8.742688378004724,0.7227283088170348
TCGA-E2-A105,1.50736983258548,0.496175903226053,0.0,0.810211285014694,0.443836254214104,0.197842290526844,2.93623081972379,6.36235683503787,6.58218160228992,2.4274935012262,0.10822334117387104,0.2754838926672877,3.048497772497278,5.893934903321743,1.8703449902855507,4.486714373030702,2.5050016711022143,0.4542811955500608
TCGA-E2-A106,16.485917720607,1.75524873760533,1.65282979718168,0.328446946875847,4.47817987783412,0.141267504032622,0.377890573287264,2.09429074728362,2.73352620303124,1.2714075362936,0.5744406408641337,0.03787416566112011,3.198525584561207,5.982660518899878,2.2180681670080267,7.813833768478236,7.231140521961679,1.123864809909961
TCGA-E2-A107,62.2350363698089,3.08119451749054,3.67415166784586,1.79342254678021,2.68831493320603,0.424891994855838,1.0986077264252,7.11548580426387,8.84706619425855,5.78769832033937,1.515914255710859,0.751806465133647,3.469404129422696,4.913013845615736,1.9636960599865365,10.615887809384386,8.488062649809015,0.6923379196441276
TCGA-E2-A108,11.6952676079431,0.337003442277975,0.790501901639696,7.45152055703524,2.03866279896553,0.807144046937373,0.166421452976778,6.42386808490363,6.58196846523157,1.30640840586771,0.7022142510104408,0.5544415050854222,5.734235417170071,4.839501116434159,3.791115992062365,1.3671473746579443,5.8390475401732616,2.3605328386577615
TCGA-E2-A109,2.91460194129003,2.79136295857164,3.25042816919766,0.955102116067558,0.92429237038796,0.647004659271572,0.0,2.36926944276114,3.1857277032705,0.884239701004482,0.2351143203763572,0.11689701828826239,3.737070185765271,3.6047711457439453,2.231923873293763,3.636172166835885,2.878156389657815,0.9431336756907104
TCGA-E2-A10A,42.4187474037703,3.10677267267375,6.74989372206316,1.13341543758782,5.21843357722724,0.782596373572541,2.43212062649053,4.26380093187798,3.33615436837605,2.97858878389894,1.2300185137126256,0.17376706773670667,4.105443419748347,6.588047469089608,2.8339425444056885,0.2810750492774744,8.364343053563985,1.2120089601135648
TCGA-E2-A10B,17.26249126103,1.79688318553437,2.79876377746883,1.42450278853218,0.490596396050503,0.490596396050503,3.46077337213939,6.81219694515909,4.49220796383593,2.56528717934841,1.2917803480609173,0.3610945701763204,3.9225118573369326,5.049604631708134,2.0532156238979575,1.3144645158393768,6.133378574059412,0.9672424007881045
TCGA-E2-A10C,35.5475039956594,1.57824656927891,0.891296271906823,1.04346880613482,4.15648407777036,0.173911467689136,4.73908749452896,5.91733768812286,6.42168094442135,1.10433781982601,0.146133828893375,1.8916524879339744,3.664073184247718,4.080333617431179,1.479696205398655,6.226980488239852,6.614652429598693,1.0064775640712047
TCGA-E2-A10E,34.525593739459,2.57155338507338,6.04812954462019,1.35606972356375,0.85523187749593,0.180753843084023,1.58452207440171,4.36988342884907,3.29791470568636,2.26987912691557,0.6107945380878376,2.2461040098839167,4.353492677896655,6.075008425200369,2.5334885952395014,1.7201033171159712,7.584573972713272,0.7026575433909108
TCGA-E2-A10F,44.339166428826,0.143191236650496,0.0,2.14070898792491,4.17044476744569,0.282802692384729,2.1228100833436,5.92453741641426,6.30399419353808,3.22896238646868,1.2412300355154453,0.6016965164809575,4.924703258363718,5.9028960187695025,2.699129600268182,0.1696684995230859,7.956942378346857,1.5756995793921882
TCGA-E2-A14N,3.3103819011375,0.0,0.0,0.716425933828266,3.38037753835061,1.73753875905476,0.0,3.17862540755989,5.18379454419417,0.164695616972015,1.0909211610227507,0.06722567253197158,3.6207975211086776,3.3295111339490773,4.8248849337344435,1.1629189615457785,5.11554518895043,1.2790552164834672
TCGA-E2-A14O,49.6707360019669,12.1675596809691,9.56832963891978,0.691065130227408,0.0,0.343813497625576,0.47790076169955,3.78194847388133,5.51820663689049,10.6169608066778,0.06446901736844254,1.6476829081678972,4.120459773475992,5.993681154084129,1.4885664226903201,6.807819858658687,7.9699085313910825,0.40512103545132083
TCGA-E2-A14P,5.7356523354553,0.783598166852595,1.16645206572578,0.873050012383713,2.8481467617108,0.372119677409452,0.339917013018249,2.3436383529153,2.12179777599812,0.336338939197004,0.9389255930004934,0.12247394117564454,3.4536756019664927,3.336754686481715,2.1972992709057593,8.868216649940242,5.000315555027622,1.3222166050454858
TCGA-E2-A14Q,23.0269545005353,0.365507214294211,0.74778081456522,2.10585807868591,4.16141699944142,0.371439832308241,4.2217759889579,7.9942128337376,7.77289653884385,1.20382651313414,0.9587313375678362,0.43242497680476444,4.484009198269738,4.795855243668004,2.4164884812607985,3.9900653779874093,7.595022453159008,0.8447070196109923
TCGA-E2-A14R,12.0029588553198,2.69396131383786,0.406329006612046,5.09942903298117,0.42908343098232,1.47091100393561,0.162531602644818,1.81629065955584,2.87680936681328,0.203164503306023,0.3453963753912677,0.0,5.17517725859247,2.667801315446048,4.044464066513246,5.251703946121822,5.061076277542583,0.6842801505481289
TCGA-E2-A14S,0.893759015308328,2.19404387035556,4.45384927361006,2.31062113322187,0.899737336480959,0.0,0.807073358305179,6.55522916578985,7.39219412995818,5.0008656609058,0.11316705673273479,0.06502076994841134,3.0971556691655837,5.94719156952033,1.6327335259505353,0.12181115114198661,2.0766275001026178,0.5520819106531075
TCGA-E2-A14T,11.89126806721,0.0,0.101245364556918,0.399919189999825,1.18457076531594,0.210484050645604,0.771995904746498,5.41409586968118,4.54338573449169,0.478384347531436,0.10447085776291738,0.027295624050907505,3.410965160479689,4.531606035561614,2.167454275481227,0.7153662623791952,5.738983954700512,1.23842002607896
TCGA-E2-A14V,33.1310094558899,3.50876392022911,8.71076512099773,2.32349782385145,1.34204732605725,0.357461203669453,1.812391015096,5.34937555666743,5.86675361461006,7.01125659127103,1.3406761989831093,0.24159615530954037,4.352228855933973,5.320654354393082,1.5907696674564646,2.080794081958242,7.178729577891062,1.4549654736347122
TCGA-E2-A14W,6.1374246241468,0.527254263114344,1.61413805111321,0.185001495829595,0.370002991659189,0.925007479147973,1.23488498466254,6.67855399944836,9.53220207261986,0.763131170297077,0.019630756335508422,0.16632981792063128,3.321423063237356,4.342163583289351,1.5503589368270707,0.21412480535284734,6.199550642978751,0.49057013044620146
TCGA-E2-A14X,5.77369706568642,3.28894171161019,0.212577939896756,7.34396618775397,3.0964182943452,0.986682513483057,0.0,3.1746309326091,3.14655460092463,0.966627990851287,0.983020945723978,0.11156554495951766,6.13388405249905,3.1733673295609512,4.20700260280982,9.508503130691677,4.666847467450383,1.2051422406252983
TCGA-E2-A14Y,2.12323293111767,0.189152154219837,0.0,1.11599770989704,0.685676559046909,0.364117896873186,0.0,1.63143733014609,3.18248499474876,1.72601340725601,1.1008431244331118,0.0,3.737329828681358,3.938144621079019,1.836853242367936,6.506424221924246,5.113946316389804,1.2140004297296065
TCGA-E2-A14Z,36.6951197340099,0.164386245868563,0.212735528503424,1.44659896364335,1.41783137061635,0.0,2.69182477609771,5.32200470999472,3.75211606194994,2.55620612325615,0.6138145065686496,0.6959047551117304,4.35568585093757,5.8476136397798415,2.619084287543076,1.7408412334252987,6.565603268303527,1.2659169143669151
TCGA-E2-A150,5.42814493146967,0.158254954270253,0.0,7.01465084802895,3.82976989334012,0.601368826226961,0.0,3.27587755339423,2.29074046306191,0.894140491626928,0.5828449947769655,0.16182320294534797,6.590980696642467,3.0083972466139572,2.659878902773618,5.467090326305457,5.0440705696469,2.0815782387508444
TCGA-E2-A152,16.3759115867335,2.35834325440013,0.151418507505626,1.20377713466973,3.67189880701143,0.370975343388784,0.382331731451706,6.38607555404978,6.86682931538015,1.60503617955964,2.2961930726147917,0.22650852980867975,4.365650548954369,4.168064328475949,2.1621778041615585,1.9951588581653732,7.140300131647327,2.156072960950567
TCGA-E2-A153,44.2960776293141,1.57951925163959,6.2137691314501,4.16734796265918,3.24844525337199,0.0,3.15903850327919,7.17737521578369,3.80972096228795,6.08462604798271,0.9283416537238889,0.9831893639837995,5.346393008797911,5.274540047872213,2.958756160081729,4.134174837946631,6.983638863164179,1.8468413696291157
TCGA-E2-A154,16.415497667402,4.50202035651019,17.5469452332409,1.24554311869659,2.12027569060564,0.0,11.3144756583889,2.26289513167777,4.91086275425029,2.41502253548804,0.042784398089239506,1.834630322309462,3.9470395750737377,5.490942308024875,1.619084287543076,7.030808364489216,6.8084815875118885,0.9105024262387985
TCGA-E2-A155,5.48982608122801,4.94625216875174,1.81461738941083,1.25211304217171,0.378608695257104,0.475965216894645,0.332634782261599,5.82246086348961,4.54059999526198,3.06943477940581,0.730574747887632,0.04362447674703463,3.1292830169449664,7.274452703183416,1.8746789492074554,0.10849100259224341,5.127241189754473,0.31556623031894865
TCGA-E2-A156,16.820538184672,0.315434377584098,1.25385165089679,0.519539345943664,0.0,0.315434377584098,0.638754614607798,3.58806604501911,6.40331786495718,2.61021947450841,0.48171226200330397,4.109527721798356,5.15423483864035,6.174929676114642,1.329984649758421,0.19080446812700091,6.387984555175923,0.6761771241492804
TCGA-E2-A158,1.81569777717212,2.075083173911,0.323304061681139,4.07997971105736,2.075083173911,4.03725741041802,0.0,4.52551227486767,5.88652270952106,0.122063716112412,0.4639575692495908,0.3203104640178489,5.327574654302879,2.9953494508888334,5.374629601807258,5.8011199020739195,2.317245740256456,1.3332716160918272
TCGA-E2-A159,12.8353603843991,0.701906215030345,0.31039068805362,3.28379239293091,2.87464103140568,0.444423030622228,0.0,1.6436597799203,1.71067595120461,0.857101559057154,1.6724706022824243,0.2371965736303936,4.935643608986263,4.269257614734748,3.061050348055724,8.929381809273565,6.602764179122042,1.6389079256839414
TCGA-E2-A15A,4.58425394556158,9.72310644537642,22.3506423136051,1.34642423575935,1.11560865248631,0.259667531182159,2.07734024945728,1.72791110255783,2.66079075161966,1.21498758417331,0.24186677629373504,0.14181137546035544,3.54763063559934,4.285994795409384,2.215152640265006,1.5570203662008393,3.0163340132557934,0.6467019467989015
TCGA-E2-A15C,45.9678958949438,1.04954819805462,4.6998150927593,2.52740466810948,2.03735826681191,0.0,0.308690646486654,5.77251508930042,5.79180825470584,7.39314098335535,0.6933196788115746,0.49559284019834493,4.542598559911074,6.741001743365779,1.8088792512401461,1.5253172122544494,7.217818145801109,1.0404716562785021
TCGA-E2-A15D,42.8238186400053,0.993045758565747,3.04738784329626,4.74000191975197,3.51490423134955,0.499203761578163,2.6822473066415,4.45676206421603,5.42250759574217,1.29676078438139,0.40544784370753517,0.776525151421912,4.945546840541375,5.259351588252486,2.6633218457839583,1.0049687317486784,7.538299919251001,1.3781231530616946
TCGA-E2-A15E,12.3444895817506,1.61600590888371,3.71581605592087,3.68589002057118,0.199506902331322,1.08731261770571,0.252009138748833,7.44160745695832,7.24708822718528,1.40153598887754,0.7568571009981706,0.12208565243075939,4.209663680598906,4.933440033810006,2.248341870707294,3.0677882467860784,6.982488686771321,0.7200430808532721
TCGA-E2-A15F,8.21828210016134,9.43102702545987,12.927344842012,1.45787421870994,0.344041113559868,0.172020556779934,0.851501756060673,5.34553880193644,5.31113469058046,5.58206706750885,0.28605313437747515,0.7975110886849955,3.869338438166561,6.735690048709117,2.7036987446449117,0.2635152240488388,5.401418852152627,0.9631041547355488
TCGA-E2-A15G,65.1194769767145,12.7347155575595,10.3913616996595,1.4043503616493,0.806047248993978,0.481966396305678,3.92636417680056,6.91787974007718,7.67406839634989,2.73391283421669,1.030124161455129,1.955573194211749,4.440580184497794,5.824093182030511,1.5181826049784983,5.468078220171627,7.928372691974399,0.7523204284596702
TCGA-E2-A15H,105.889237035975,5.6784943436781,7.21538703709803,0.900016564881149,2.22715963512962,0.419499246342909,14.3773832610251,4.53059186050341,4.51152371294237,3.53142092830485,1.641453545671941,0.16349873228287956,4.499756612583756,4.928526665734047,1.9924784126674573,5.888604451306486,8.375613353364592,1.8557505567646468
TCGA-E2-A15I,71.6645419596832,2.06601075032054,5.29518225799857,1.67389706724535,3.45982661536932,0.177933940218994,0.32950729670184,8.10587949886527,8.15530559337054,0.425064412745374,1.9186436096908261,1.6323692984035763,5.612868249791529,4.018691326291014,3.497880914431739,4.364957188014625,4.366051971027398,1.0623391219342615
TCGA-E2-A15J,75.2367003638644,9.89228582190027,15.7080977049782,2.24492246552928,3.4913949959648,0.127191074534237,1.00162971195711,3.44051856615111,3.12254087981551,2.81410252406999,0.9042721338108614,0.14156358237500305,4.166434268757209,5.3875348708337985,1.288771967247402,9.064572487051908,7.964644682683708,1.010135314885185
TCGA-E2-A15K,65.7671693922412,6.09942233693575,15.736114844677,0.777725696036468,1.66599108491061,0.416317749442173,8.72079219565766,5.04534740880511,5.32169664089929,2.11209770243406,1.324709732759058,0.813074531998987,4.232124161289615,4.441967217093171,2.2839206679477244,5.470619836767946,6.763319321205619,1.2253564302357065
TCGA-E2-A15L,39.4786093097399,1.58869490825425,1.01627497021274,3.18657302407066,1.07749635396049,0.361206164111755,1.84582471999482,3.97020673604192,5.24055044880784,2.82230579077151,0.7313570497816615,0.19307782154636707,5.644885906468789,5.904568393145628,2.3137682624379416,2.1163980287952184,7.46966216540407,0.8360048952420933
TCGA-E2-A15M,5.58616904240514,2.25287476423646,9.47968084631646,5.25003852695956,4.50775030535056,1.08442106768753,0.954370570640133,5.30205872577852,4.51575341286117,0.812315412326822,1.8287929578524194,0.5355889889712383,6.191467785610036,4.851584153520969,3.6153589145158183,3.315014666561321,5.116084462613815,1.8829217955642519
TCGA-E2-A15O,30.9685517036684,5.54559069233502,3.13853215563132,1.23755129713918,0.493319417416305,0.340220287873314,9.90041037711344,9.52616806045279,7.60392343396857,2.75578433177384,0.6452405126452653,0.5852510108792798,3.097627650442006,5.452994005189587,1.7309224899901625,1.2939001403476005,5.84663622445345,0.7191396221993251
TCGA-E2-A15P,39.0451212347965,0.35006153657496,0.517136360849372,1.86964684307081,1.73969975752404,0.665647315759961,0.0,7.95594401306727,8.40412885913672,1.66544428006875,0.1677432801089365,0.11343380260404853,4.074034394212556,4.913358584767971,2.362497942829235,0.22860323194846943,7.883339776160275,1.641361056327364
TCGA-E2-A15R,28.2611446665854,0.45213492433262,0.248146760602823,0.663616853764931,0.127618625724025,0.641283594263226,0.245665854518748,6.6138352781476,4.87503150265776,12.2290548100047,0.10030490579568548,0.051859298835249854,3.3970362408721764,7.555449607528628,2.28021399581062,0.29148568597356145,6.378769967382371,1.4678533137177068
TCGA-E2-A15S,14.6237029506802,1.43584993250862,2.07876781273637,1.91000186917658,0.194823405245413,0.924194452827379,0.0,5.00136534327164,4.45220632057711,5.49962670044814,0.22317538614456242,0.015212085068503288,2.942739688941506,7.14055270583087,1.5535079603690884,2.6052098440811418,4.14836472130996,0.3815048825673062
TCGA-E2-A15T,8.42620127580992,6.05234713291586,6.02618896054237,0.356405098588778,0.856680145231743,0.130790861867442,1.48774605374215,2.5994683796154,2.89374781881715,7.38968369551045,0.09031147137603657,0.46686200377591763,3.221041838998576,7.1775271754690735,1.4682183615349493,3.8179097217013527,6.611772886066042,0.5341612326163092
TCGA-E2-A1AZ,0.479328661043906,0.0,0.0,1.71814650615325,4.28420946988861,2.40242996314934,0.0,4.38833956117063,2.69250664600638,0.419572864375355,0.46142378478668494,0.2693922789404062,4.772593022661029,4.112099579776235,3.279649578557086,1.0842003616746552,0.7130798989198626,1.8716465455592346
TCGA-E2-A1B0,8.45508591563933,0.0714413681084861,1.1752105053846,1.73602524503621,3.15770847039509,0.117878257379002,0.0,3.13449002575983,4.35435138621223,0.389355456191249,1.4432883748171437,0.06667476272446014,4.831061442106003,3.8876032521497246,2.558341114105032,1.4722278029890445,7.745718688083062,2.273187628048397
TCGA-E2-A1B1,18.7774126904757,0.325623207729915,1.05381447234015,5.67888910094412,1.42069802937708,0.960142074798799,0.154169154286799,8.85789609250355,6.41460772330011,1.1670019527026,1.3904475779933103,0.2624331576313475,5.534363585270974,5.346885993531754,3.1638851167089417,3.886852506079384,6.643227037571748,1.8295248661977026
TCGA-E2-A1B4,25.820729904976,1.3503709775978,0.416875888917501,1.98719365453312,1.35804353997051,0.465468783944695,1.03068087873468,12.3170201289981,15.7134077393198,7.55747393712403,0.733788168625182,3.8253175404516435,5.094966523777676,6.678983163833626,1.466131128762188,2.1328729184527346,7.048410582152412,0.48625098888410845
TCGA-E2-A1B5,2.52820350969184,1.32053486890154,0.865307748852862,1.84348172581697,3.91269590785642,2.9759062145331,0.496611403689469,8.45368048553209,9.06692032493651,1.94129912351338,0.771209486866468,0.2539892662307867,4.235773004808394,5.24848929580373,2.797490337499556,6.829117627514411,3.6003411251789594,1.1838358314496797
TCGA-E2-A1B6,3.06495737925226,0.750386116989347,0.462802645728704,0.327633375023518,1.14988745814706,2.13701511063727,0.228286480661548,4.95254837212969,6.34974618432676,1.62759805656844,0.556699167457392,0.4077334309879327,2.1555549608405586,4.118102197521016,5.162782037225905,6.807110158387091,4.063123235752871,0.4757074946426389
TCGA-E2-A1BC,25.281040633331,0.322051473036063,0.805128682590158,2.35097575316326,3.30102759861965,0.96615441910819,1.5055906364436,5.74861879369373,6.5940039104134,1.86789854360917,0.7813101221039336,1.5809493000356758,5.720325233587764,3.5738656223921277,4.2223920471603265,0.9568305031923248,3.557806404422548,1.4261758453766273
TCGA-E2-A1BD,138.754579579709,12.9462094247419,11.2509587222296,2.83266249864247,4.65831710134811,0.381552152417315,6.91140671024276,7.14806564022312,8.2830625493126,1.50447462630372,0.7212413999767472,0.7827440363952003,4.862218279791755,5.305496352182627,1.6486034933638523,3.7895101704193923,8.655432691693358,1.418621747130669
TCGA-E2-A1IE,7.83509989470528,0.799395411101388,0.215221841450374,1.30670403737727,0.494497802380026,0.102486591166845,0.463239392074138,5.99802774803958,5.05771327408379,1.87550461835326,0.07436842178155338,0.10688428869154283,4.044166767681408,5.700251045683816,2.063951557609584,0.252052275031513,5.691321988282169,0.7707022101239386
TCGA-E2-A1IF,150.740650652862,7.08435675109892,2.51913880128653,2.9575843331135,4.54214186918991,0.343576687577237,4.14600248517081,7.3766537723169,6.98051438829779,1.76532016761911,1.4779881081016517,0.8343067029629078,4.515933173365704,4.802239754740926,2.77534558407404,10.13136607791059,9.031649654845886,1.702524569978135
TCGA-E2-A1IG,22.9435609429785,0.156932701388362,0.198231111085723,2.16567127915939,5.93205611248007,0.341328625519687,2.55800303263029,5.85358976178589,4.06455696595857,1.59286691909187,0.7957196158887813,0.5197896955089593,5.786358546258393,4.442074954058027,4.0258134681965725,2.042087224908519,4.983134693849538,1.38480925252621
TCGA-E2-A1IH,12.7489309493797,0.596383572858895,2.93784727214336,5.00789078676449,3.48274730593639,0.789960895551797,1.45883289470514,8.26864178263706,9.65828102225737,0.588146068221046,0.6789733078541699,0.31115431544056676,5.68679463890934,5.452088003869015,2.7100184175117286,0.6089984361766656,6.516593559316208,1.889940736525117
TCGA-E2-A1II,0.428498840867786,0.0,0.214249420433893,0.851641446224724,0.626679554769136,0.605254612725747,0.0,2.47993704152231,1.98716337452436,0.605254612725747,1.285461405137036,0.06115406320710068,2.4793599218915507,3.7988385441040986,2.513793907086986,2.3330515620039267,1.2057052924035687,1.033652052489997
TCGA-E2-A1IJ,69.5505932053723,0.233763862550617,0.40908675946358,3.03308611659426,4.24865820185747,0.233763862550617,5.65124137716117,4.89150882387166,6.12461319882617,1.74738487256586,0.6434868125619564,3.654401168730715,4.82198566798805,5.559638644922725,2.6658247871489014,2.896814331908214,8.19689567618412,1.8401610671408457
TCGA-E2-A1IK,3.82491362068322,0.299478126894153,0.378288160287351,1.01927643188536,0.580041845773939,0.824878349515475,0.0,6.55699477831409,6.68309083174321,0.530654224847535,0.35106289894038534,0.19433924948446313,3.64775197243763,4.29024007393789,1.2851654494790576,0.7855087035604281,6.320175960239537,0.5442875399602883
TCGA-E2-A1IL,23.3022041250419,1.28509882405351,2.40898453397844,1.93916345851802,0.787641214742473,1.0640065532486,0.344865251308261,8.11592877413005,6.83543603905164,0.852126460393904,1.1842168080922413,2.8664728297158475,4.718345185075546,5.469244563578418,2.9500577568623605,2.705933680467147,7.479836030994855,0.8612407852596737
TCGA-E2-A1IN,24.6859025348971,0.330493649682907,1.70919477037503,1.05314021204926,2.71300757202386,0.170179565881497,0.103713840011536,4.10897328635614,4.39753863719868,3.09036226158718,0.18180225515894124,0.29101410141730266,4.4125241201629,5.506195692264813,2.344942090560028,1.724344676123024,7.378878319437226,1.4172179269950864
TCGA-E2-A1IO,4.54971995301081,2.0421423421127,1.85452502446277,2.07822259550692,4.36931868603972,0.277540854789406,0.429355015391187,4.87444223355877,3.73069820096208,0.779333473315095,0.33788232173396116,0.31591396543674244,4.66597255243888,4.446745868960229,2.60362041100981,2.0631232357528706,4.348232419239271,1.466496612552074
TCGA-E2-A1IU,29.4379014486018,4.45119331208754,8.66566599219322,1.84726636028704,1.34846217146812,0.228266323696797,1.28505485933012,6.53940745849898,8.59803152591269,2.00367106356077,1.00863030514344,3.523750121399656,4.930950178507269,5.366724364081358,1.941406841109145,2.9724720977767265,7.270805494714698,0.8006618032449503
TCGA-E2-A1L6,13.1915896442872,2.04405489404185,4.35637376847151,2.6330692857629,2.08196176083578,0.714398643424042,4.16683943450186,7.75341221577358,7.40933450179792,2.82843544539315,1.228172218296975,0.5896676236645071,4.291139381100758,6.474122873701155,2.2678653480789888,3.3136521875291263,6.951722994516864,1.2907192827709535
TCGA-E2-A1L7,2.44536066079911,0.191043801624931,0.191043801624931,0.869249297393435,0.587459689996662,0.191043801624931,7.18324694109739,4.96236274720757,4.61370780924208,0.601787975118532,1.428102225794217,0.7799898582396133,4.667321369810272,4.240039018294697,2.9899513649757727,2.1830783332982064,4.2591454662900325,1.1959236869382588
TCGA-E2-A1L8,67.6623016371953,0.430988622436191,2.99071158947276,2.02389927427806,5.41356654803297,0.614449995500246,3.01400827176661,10.5679575055469,12.2161977778366,1.90159169223536,0.3128974728972569,2.0835878245564547,5.057922428425177,5.796405672621643,2.3785671104574786,1.792647156238181,8.18087736061446,1.5874610073779383
TCGA-E2-A1L9,23.6800674770688,0.120254257183591,1.12487836407151,1.87897276849361,6.94217805532772,0.279378698764158,7.22277132208943,9.11427057570633,9.13681824892826,3.5374793988173,0.1984941536390832,0.5001901798419823,4.726515184261887,5.22494707750449,2.9302642452350236,2.010636636108737,7.483863328998694,2.248140105469531
TCGA-E2-A1LA,20.5487188952162,3.28653097286041,1.29170147611221,0.845333687730923,1.95927807997448,0.158006296772135,0.158006296772135,12.8143106682202,11.0880918759846,12.5536002785461,0.19874558184482394,0.2741721890227864,4.275468993641239,6.577090397046312,2.230295254346018,2.1909308595626147,5.8521012408476,0.9870297505489815
TCGA-E2-A1LB,3.07730543637824,0.0,0.314813575549425,1.39987227694069,3.28648175362225,0.378126419633405,0.0,2.5141384284136,3.84160351861598,1.26310314643499,1.7583948482754415,0.8288048232803743,4.541132504612152,4.237034753139357,3.2842876124012035,4.4576624662851785,4.951297158116713,1.518058222211868
TCGA-E2-A1LE,0.300009460838889,0.441905827451878,0.437851645548649,2.93928187984047,8.5583779977148,0.162167276129129,0.259467641806607,4.38257063738972,4.15959063271217,0.80272801683919,1.553950241062938,0.25156762060824717,4.440008691159951,4.115041568724622,2.658577109615365,9.42578909019833,2.011316722109022,2.4814797838174703
TCGA-E2-A1LG,4.2047027028549,0.709291701951242,0.107468439689582,1.93174520342024,0.7200385459202,0.317031897084267,0.0,1.4669442017628,1.89681796052112,0.54271562043239,2.7279422309277686,0.0,4.227717975285255,3.8910788884506124,1.860009291338641,9.06746555382559,4.413770076136611,2.1197877588668224
TCGA-E2-A1LH,7.0815529710723,4.21255595130895,1.39049548810616,3.69625382914295,0.80333794015636,1.01484345132949,0.0,4.56458012551305,3.95440489022595,0.704048348408182,1.2455579807321933,1.1000290744033212,5.1423165433225595,3.7647737162320896,3.7355818265196383,7.572451201570133,5.744247614562437,0.7730441280171911
TCGA-E2-A1LI,8.12178389781026,2.31126609966366,2.13009182533392,2.37855940155756,3.88489408241338,2.52091061710235,0.0,2.08091595087299,2.55196906413031,0.90587137164869,0.1609201881811029,0.030547964162966627,5.34786050617572,2.9299424538145726,4.32902310657013,9.73088428999994,6.120005575665306,1.328893895213839
TCGA-E2-A1LK,9.79463234668811,13.1978520603679,0.973929544077461,2.0806676623473,3.5415619784635,1.16207502418333,0.0,1.61583765267397,2.30754897659262,0.780250373380239,0.0,0.03125402547050081,6.369021461905904,2.690037094822273,2.994217647405994,10.782827155083314,6.365661046129725,2.0627088964136733
TCGA-E2-A1LL,0.586219900163444,0.200417059884938,0.400834119769876,1.99414974585513,3.67765304888862,0.511063502706592,0.0,4.18871655159521,3.23673551714175,0.791647386545506,0.08800587129002016,0.0,4.0631577586603225,3.8101860076953558,1.7238643236267277,8.939356475564967,4.319610709146809,2.0979141351869903
TCGA-E2-A1LS,0.0,0.0,0.0,2.45396494042219,0.330676126723557,2.73939064980463,0.0,26.6281302045812,31.974641053501,0.139232053357287,1.715279164348567,0.2820995657814371,5.631271370185802,3.176094860339995,5.305664578048587,1.2512611346635734,0.8863668802792779,0.690468292791029
TCGA-E2-A2P5,32.3376339454265,0.734863952862597,0.149188242489524,1.01360545222427,1.50954811991972,0.358381927750725,3.02271625931167,7.63824108640433,8.94868813535143,2.21183189753225,1.299010149498923,0.4772628493491721,3.9249739814208215,4.494530816581587,1.8089204269815944,1.8069838956273612,6.91013421264359,0.6707497114874938
TCGA-E2-A2P6,196.727896332974,14.0467922759209,7.49438996853518,1.0090444099093,0.756144671729498,0.0,2.52580420328561,6.83020883796198,9.00157022637439,11.8945899585827,0.26159098896412525,0.1767057381891143,3.9825829469225904,7.583767273923489,1.5197431734181728,8.613482663513757,8.520338560357441,0.6914448311911374
TCGA-E2-A3DX,14.896274754676,4.15230295690247,5.29127158654958,6.16119250840604,1.15391572452437,1.15690514349982,0.636746241771221,3.07910154471529,3.32124448172688,3.6979112726338,1.0726546406756883,1.6853122657398327,6.021244293062092,6.177010841095569,2.2415961553095407,5.535231822905548,7.2565644229360435,1.1159654315868068
TCGA-E2-A56Z,1.18182956450491,2.76833228728388,0.0,0.547228475393324,0.0,0.0,2.08314705338803,9.89609814324734,12.0068365483359,1.81183209499975,0.7278769008479432,0.5335633482145119,3.0313422588424457,4.458467313840439,1.3677065371163564,2.3220435058742557,3.2401616551136736,0.6805044011523604
TCGA-E2-A570,81.3438022517604,0.0,0.0,2.17681312245058,0.933644789116332,0.502341489796287,6.82981459864447,8.81380977551668,9.86923431973514,2.01444011564774,0.12604775520593936,3.4934295812529106,4.457233113265133,5.349021973851429,2.079019633034838,1.1938348106538383,7.940769901179352,1.1694760931513468
TCGA-E2-A572,8.65294963007128,0.0,0.0,0.0,0.16801843941886,0.16801843941886,0.0,0.995509253556744,3.06633651939419,3.4191752421738,0.19496955009341788,5.967175525810673,1.6538854887166459,3.959519794375522,1.1875143981928162,0.9410311686228703,7.7568798502199465,0.400647220522828
TCGA-E2-A573,12.3060159731419,1.37941075785897,0.723145639726067,0.840186552514101,3.452706927247,8.19286389516237,0.0,1.83085427861282,2.29483789716538,0.574057253003629,0.6726516293283846,0.15484240686923262,4.4701658944545715,3.4180144926041907,5.107060110203349,8.287038194924552,6.792065349045652,1.3843261586858409
TCGA-E2-A574,1.79804553769719,0.494874918632254,0.164958306210751,0.206197882763439,2.05785486997912,0.284553078213546,0.0,1.20007167768321,3.04760470724363,0.616167111605957,0.1118325870779828,0.07217441692431663,4.099606604313391,2.629962716117853,2.7530910302981053,9.54193526482313,4.497280232914031,0.8057051848385113
TCGA-E2-A576,16.0946788073212,1.9293969799535,0.663010962202201,0.0,0.480595247733871,0.140319780360254,6.81252533649034,1.90133302388144,2.78885563466005,7.15981679288197,0.16066208011334426,0.36591645385806115,2.496308944824728,4.4921480171693755,1.522005515172175,4.866823925606673,5.076127213877985,0.5801454844233804
TCGA-E2-A9RU,11.4671198588243,0.206801079509907,0.0,0.206801079509907,0.496322590823777,0.915094776831339,1.26148658501043,0.953582525738928,1.56651817728755,1.60270836620178,0.2696316509404391,0.258096757817156,3.7687771638516607,3.4219503554989994,1.7738697673637445,2.123897909494487,5.246548701353851,0.8987887971115541
TCGA-E9-A1N3,24.9090174825186,0.973550337823508,2.89496366946463,0.593377646536228,0.976119072224098,0.359622816082562,0.524021817720305,7.73445928017568,6.97411389760112,1.5258282339503,0.4911860964589267,3.1979440016270657,2.769560184876917,4.534279534537465,3.6349881550691374,0.06488285158485439,6.948388258565644,0.5590512283670165
TCGA-E9-A1N4,16.4333811753975,5.93408053607096,13.3358052475316,2.3425858953336,1.60876380763874,0.0940797548326747,0.0,4.05248543941746,3.63147853654125,0.792621934465285,2.0711454704194083,0.6668521037979077,4.492763730344279,4.422816868797436,3.4853311376174716,2.7475649566070866,6.01444919308914,1.2441706624809001
TCGA-E9-A1N5,39.5090690438344,2.17899102272338,3.02087391786651,4.16484420479628,1.76300182747619,0.0,18.5065669361756,5.99717756481367,5.46233431378157,1.22320632411972,1.0545606681937403,1.1386621514453796,4.707323121862624,4.472191946736626,3.5529002644173504,2.2564489732503556,5.461022827552438,1.240203761494252
TCGA-E9-A1N6,33.2748114049538,0.634191458245266,0.251877458593865,1.64619910438133,4.78567171328343,0.0,0.908557975642154,3.84113124355644,5.01506011307427,2.10497590396301,1.3133988981650893,0.69498728439031,5.85019443547046,4.17064202647169,3.707553867701308,1.970315852283247,5.634152507670118,1.612187986819548
TCGA-E9-A1N8,0.780853779415176,0.728506040013042,0.0,3.79957341827161,3.99587744102962,0.584549756657171,0.0,3.61635633036414,2.49960455645193,0.174492464673782,1.1490642177155406,0.19408705211630226,6.233069334625679,2.9387186295690624,2.791939064595334,6.676280104016669,1.2910141014173027,1.4357352588734684
TCGA-E9-A1N9,0.324386458866295,0.717064803809704,0.836575604444655,2.94081934419575,1.17376679195041,0.661577646372048,0.981695862358523,4.52433745260885,3.93958817807355,0.849380333084113,1.5838091672284103,0.48184669847838835,5.27354575769472,4.2444466324685095,3.580601318883815,2.6719373639662494,3.6684643087354964,1.4058326049841543
TCGA-E9-A1NA,12.6953207442197,0.327847803401568,0.0,1.71241933026712,9.26170044609431,0.303796654367027,0.848891633807633,2.25980807344653,2.15735563488354,1.15917616202697,0.8538629883647195,0.40765994263346056,5.05105467278063,4.2131410843195525,3.8867867905753024,0.3835573760672267,4.295986329916534,1.5455859325780503
TCGA-E9-A1NC,2.60651211281203,1.71801222711514,0.169589189801065,1.33459318930404,1.56316992338373,6.04991001007714,0.0,4.09594760584747,3.67934807437964,1.00647497425415,0.4133774452677079,0.3398215049233425,5.2924504801937715,2.618685023111809,5.011813161395697,9.952027875788652,5.102057583246694,1.0617070847915968
TCGA-E9-A1ND,10.6631023593477,0.0,0.0,0.8252313999843,1.37229491233344,1.26566388873997,0.0,3.52809604150591,3.54200443588767,0.334832540799023,0.8591200008414255,0.7669380612430948,5.364165494598394,3.5106537517029146,3.9198428934769494,4.7709028722782225,4.367208697720907,2.0291625182813267
TCGA-E9-A1NE,9.65397733097517,0.113069450056039,0.36074538827403,3.1174862658308,1.32183571375037,0.554578731227241,3.34362516594288,6.02498641012896,7.48142861204127,5.77461834214773,0.9218932895941194,0.2056427419454572,4.4154477073574,7.188386087683995,2.9382481476867124,2.2369823627403687,5.338834415662867,1.1785553065857524
TCGA-E9-A1NF,10.5443923849636,0.196815536816866,0.196815536816866,3.32618257220504,7.14440398645225,0.239868935495556,0.288195022405569,3.79853986056552,4.28073792576684,0.196815536816866,0.35124852590799943,0.45928095597292384,6.144142693105859,3.468876447876033,4.088489446956593,3.452993713157942,3.229181989607373,2.2843849567941565
TCGA-E9-A1NG,16.249533411528,1.05339453008507,0.883034228723605,4.28172224088488,3.68830052447577,0.789336062974799,2.39072289577259,6.18123960106524,5.3180807408338,1.20671880131039,0.6702804024839596,0.7970068967026954,6.59580969635324,4.9080509521395825,4.029411157319828,3.324502814222427,4.5332072142240065,2.5580405529054238
TCGA-E9-A1NH,50.4013297896328,11.7140575950557,9.64537786808484,1.96291900473305,5.81260929418797,0.334203882271361,4.94537137183823,8.98966139021065,7.5343938522189,0.66417733565321,0.9284271768756852,1.6651198520939725,4.485632911741821,4.015800834606435,2.8338616077974828,5.9930674508863095,7.537692877914149,1.6015539036623274
TCGA-E9-A1NI,52.8307761619237,14.135193770209,20.7084504299703,3.01009147114907,5.408375732715,0.195778307066606,3.5533762732589,4.14560565213539,4.84061864222184,3.70510446123552,0.06846445096690573,1.0000721329487356,4.89268245002123,5.044004976400031,2.1355020360912356,6.180257284727133,7.298624410366496,1.307603386720961
TCGA-E9-A1QZ,15.0582071526197,1.29574795252073,2.34012678723143,7.69369049868545,1.16707090411798,0.233414180823596,2.48376628312288,6.56851444753581,7.70266796717866,3.65083718724086,0.8510393857087252,0.2866446210164392,5.350108232742839,6.197767122488227,3.7867845272334497,0.7861781287987665,6.057911600884832,1.009275501574875
TCGA-E9-A1R0,4.77222685869334,0.0,0.0,4.10523140885257,0.516293549039922,0.139538797037817,2.74054197382272,5.56480722586813,4.77222685869334,3.2149738837513,0.3109217352303438,1.1805298128107207,5.0568652772278995,6.908902953304954,3.024053671074278,1.9011854936927397,5.60502608128429,1.1367163844883121
TCGA-E9-A1R2,8.21974958227911,1.11580311071662,1.83642595305444,1.26457685881217,0.371934370238874,0.506760579450466,5.58366473321109,4.28189443737504,6.8714874901632,1.08325885332072,0.23535944739094555,0.21424917025451382,3.7791546404319902,5.111089753712488,2.2693025041999646,1.0423641752480077,4.786831564734719,1.1205510105825267
TCGA-E9-A1R3,25.7850690990769,1.11878857246158,3.960270946821,1.30164433914348,7.67272420984943,0.52450733074543,0.854128910158843,5.92837643558138,4.77590390609944,3.17591594763288,0.18599337006996583,0.9769501269409564,4.778103419866032,5.074659562216123,2.630242366893127,4.633280074030613,7.581115449105285,2.023361820330379
TCGA-E9-A1R4,17.2689027228271,3.5647191732997,3.0426550380796,0.709680933814813,1.2847672077682,0.163145042256279,2.18206494017773,4.70265584303724,5.7304696092518,5.2655062388214,0.8984018599921931,0.16838530541475208,3.1165643778033116,5.72459843417957,2.577054131873994,3.455859809386185,6.158849991153744,0.8326065093904137
TCGA-E9-A1R5,29.0111311993716,41.3355589813236,58.8891839838045,2.81595805644001,1.995149321648,0.122967600717905,0.879218345133017,3.95648255309858,4.67891720731627,5.75180952357998,0.10097764772482092,0.1272370619248145,5.06873529201792,5.648707022447932,1.9495349330170122,4.212413699922894,6.939553357226849,1.5083272292803207
TCGA-E9-A1R6,4.89925995522539,4.3474407213035,2.55402821105737,1.51004587661056,1.48394631824939,0.771801225823177,0.97314067603792,4.46675298809742,3.84782060410396,5.6114050476516,0.10447085776291738,0.0997664862929298,4.1624678676153035,5.8466763365726155,1.9657658180473772,0.2326607567902751,4.12802113757868,0.6901041610445797
TCGA-E9-A1R7,4.52682739894383,1.17285982608999,8.33690712638821,1.74900149504648,6.91712944217401,0.411529763540348,7.02344129775527,3.11390854412196,2.92529073583264,0.600147571829674,0.9352947678034462,0.21022586172933413,5.040983438973118,3.7003424811126884,3.719065049090151,2.1684721539443133,3.6147731097613853,2.1102626971559992
TCGA-E9-A1RA,59.1655421541462,1.84905819948701,5.6897421699168,1.21830470153116,2.4668510091287,0.17280917752215,5.95759639507613,2.89455372349602,3.92708855919087,2.31132274935876,0.20501708816016756,0.4170558598131493,4.523173003228254,5.054835456223496,2.0597705810902545,2.986629370960682,6.7625534575741595,1.0362571490477717
TCGA-E9-A1RB,17.6690510486544,0.391286943638021,2.02490993332676,1.90263276343988,7.21190747992828,0.156514777455208,5.15765102582867,2.619176978977,3.70255270417477,1.79502885393942,0.95661357655325,0.32749818902497374,4.881631923242268,4.686884128470231,4.071326074512601,1.5206868230347785,5.643918717888093,2.0484396928272943
TCGA-E9-A1RC,97.1526045003879,5.99780194839072,25.9768746517603,1.20137378406919,1.03816828887489,0.358145392231948,0.843228391837245,3.8398626230438,3.89199771178642,4.59922152429508,0.39905873625883287,0.6771465443083333,5.857641872926045,4.1257685530822386,3.9794439082556132,2.171774407875456,4.174204550555199,1.4886329085397203
TCGA-E9-A1RD,33.9631412599977,0.238097779456931,0.793576151140707,1.74538803030343,1.22512813665529,0.436347007575857,3.7497072519156,8.30737572115573,8.48958655948412,2.00431922161218,1.3249087616894824,1.0753022841937423,5.5532272195218955,4.523221013785204,3.893616472736274,0.4802091475928226,5.838665265849703,1.6299180797642947
TCGA-E9-A1RE,2.04989338724635,1.21221031547064,2.60739577289912,3.48796364357119,0.714746648272786,0.114359463723646,0.0,6.44415578082744,4.41141631313963,3.00479490933879,0.1740228420554138,0.07628544280891579,4.58259213015039,4.977527221453421,1.9178136227933105,0.023752135898994976,3.845028314649543,0.9718837829389728
TCGA-E9-A1RF,10.1646310376798,1.13037707229371,4.46893261139372,1.0252257167315,1.6386086241777,0.220316625219118,0.701009037081369,3.76792357431236,4.14179506075575,1.62692514022634,0.43131155595271414,0.07157274056039631,5.718384241226847,4.0077723145925805,4.256165002272974,0.5683581922441561,2.469209988963713,2.1679305849748727
TCGA-E9-A1RG,3.43772504972131,8.1450884306894,5.3021109049076,0.345881538744967,3.81735112883164,0.25308405274022,4.04512677629784,2.75439810732272,5.30632897245327,7.86669597267516,0.07066410077878965,1.081407806135862,3.220407350606131,5.31772011473076,1.6473605645196348,8.685955561772198,5.560100455608507,0.9966779796163704
TCGA-E9-A1RH,3.31289223703248,0.544545970114633,3.55237842284206,1.4597253230298,1.0776878361431,1.35993941227581,0.0,3.9771813000519,3.60654791725136,0.564503152265431,1.6431039394371845,1.0763290968463672,5.121440813361144,3.1635200924308755,4.498762488837551,1.5444969749892117,3.6542204617501017,2.422103067538076
TCGA-E9-A1RI,18.6625893753572,0.120364975010366,0.689089481934343,2.17860604768762,1.57377204826053,0.947874178206629,0.481459900041462,11.9402055210283,10.4807801990276,3.2107357084015,0.5070292336103761,0.4264394182220995,5.540575257153223,4.816803708567797,4.312767559267699,0.7430918414151537,3.782214354174047,1.4524407040635792
TCGA-E9-A226,3.27305394931341,0.404496883540278,8.24499480949599,2.64945458718882,6.98212857262434,0.0,1.48315523964768,13.5472747912365,13.8000853434491,1.21349065062083,2.115332940701891,0.17363916357057899,4.855381804079615,4.4046306842176115,2.381200297460858,4.6821462683327395,6.394671902376882,1.6695710760389657
TCGA-E9-A227,8.71495157330843,0.223448217816539,0.11631566998076,2.39901069335317,4.66135047447895,0.328591767695647,4.66425836622847,6.6125458384062,7.73499205372053,1.23294610179605,1.0240359354555093,0.4169478049098378,4.105962968626456,4.17430254330418,1.9703383140810697,0.5295711075738949,6.999685503288833,1.6568624322867895
TCGA-E9-A228,3.45694104482565,0.105636089987033,0.182222255227632,1.93578134901238,1.42344631257527,0.351239999206884,0.171658646228928,7.50808509582836,6.97198193914417,2.65938856542355,0.11463354906893944,0.13040376165803888,3.4909936353293034,5.874966597980515,2.4227712193204742,0.023042392665863817,3.2366609867573413,0.7732368120423604
TCGA-E9-A229,25.1104383880796,0.707888151791281,1.08925962840208,1.19635709786128,1.72923231175582,0.140230814376472,3.348755020651,6.18814402802046,4.8559559932841,0.786252153834596,1.0147123515213723,0.178619042533318,4.301609594129563,4.191065138331467,2.481918877834791,0.6953702916427053,5.6206509197634675,1.1360601068802663
TCGA-E9-A22A,5.84563465921505,1.1848904410364,0.501805042656214,1.39769781514715,1.84958507869097,0.228570883304139,0.165516846530583,5.29653908897867,8.62263952878373,4.3559830404398,0.6500292405276461,0.44222694522181843,4.560788309984485,5.908017861716351,2.73558716209603,0.7588148316026461,5.569837384699545,2.5214528258224314
TCGA-E9-A22B,3.39944926056965,0.870523473533233,1.27272735687454,1.93388442538079,2.07438030243837,0.247933900689845,0.30027550194659,6.04407753459466,5.31955958035656,3.01928394617855,0.12617994882319306,0.11063050809643417,4.928204486471757,5.352034595194324,2.6290301551759656,1.1486087702052201,4.761173555924647,1.2243490372027126
TCGA-E9-A22D,40.9001291411907,2.03937552823009,4.40191740667191,0.504335364724368,1.35876760884478,0.332444162338718,0.886259233156413,4.50474306355746,4.72018729703195,15.9942861055548,1.269033146455237,0.05408439284237917,3.056288716807729,6.456770015705462,2.2729786953735744,7.664836928478853,7.026015435909505,0.7551439584864066
TCGA-E9-A22E,20.879728008038,0.822442774735218,1.62971132853436,5.65391472078122,7.68726032621516,0.384414001693103,3.59629036184957,6.84053879798222,7.16526712601421,1.99085778681293,0.5474498291439657,3.1213304378928024,5.348954719219365,3.630952902063046,2.9180045185978747,6.810007298881239,6.027706990425575,2.2124448290517393
TCGA-E9-A22G,1.48004838497337,1.59910163714673,0.108230229248509,1.04712746797933,5.76596546321434,0.757611604739566,0.0,4.89471211776384,5.60091436361036,1.3393490869503,1.32964029003823,0.0,3.4750978567667143,3.269990634488318,3.2877382324129414,6.978316917154833,4.050092425960568,0.677440587921541
TCGA-E9-A22H,21.6163391767922,0.327035958424907,1.12372506015175,1.3573221733124,1.80730398076922,0.150608665064102,4.50473590852955,6.14237461763472,5.66534472339087,3.88017099544739,1.328951323912009,2.6290301551759656,3.313913342942171,6.549473574344292,1.8805288085305696,0.3576083038138484,8.144145816674468,0.8719224821499968
TCGA-E9-A243,3.84896754715017,0.377848797863673,1.86379303402185,1.13158862779898,1.94406143149548,2.95035304860392,0.0,3.38889258602082,2.92685985909944,1.36847828863579,2.3737317223787286,0.33696886223948636,3.424357795448697,4.832089982498765,4.494722806446827,0.8414096133381045,5.588360850877899,1.1394694950387962
TCGA-E9-A244,2.43433581987213,0.292699902151292,1.21716790993607,12.9744303161518,0.957419641125577,0.144900941659056,0.0,2.16482006838629,2.56474666736528,0.278209807985387,0.5995082359189357,0.17171923908784795,6.668262399705962,2.7420062108667365,3.6869374715452357,8.819071939632847,4.832869765671195,0.8848713917596994
TCGA-E9-A245,5.99398047018806,1.13323693264493,1.77009735760241,1.49849511754701,0.580666858049468,0.187311889693377,0.187311889693377,4.28475947673599,3.01572142406337,0.365258184902085,0.3760680711336855,0.47840237803727326,3.3535067925601347,3.720573979473069,2.290099967440177,1.000649066739334,5.885052049368334,0.8888503817672975
TCGA-E9-A247,1.54773176470479,4.08567901327984,5.84143924098258,1.65590656546372,0.41605692599591,0.391093510436156,8.57077267551575,6.79004903225325,7.32260189752802,0.768318456672447,0.06184530707106949,0.16684396441249089,3.8769490764401757,4.653300828451225,1.69269500028227,1.5477952843694596,2.6037153517031886,0.8066952535317583
TCGA-E9-A248,2.09668191434512,2.36520909354327,0.637413001126914,0.523492379648912,1.74678286266269,0.580452690387913,0.108495829979049,2.45743054902546,2.01531004186084,0.878816222830298,1.4584869999743257,0.03506079690511427,3.1838675833460837,4.3078000806105745,2.4713695745060154,8.39646221703173,4.1765222465489575,1.1928885121913588
TCGA-E9-A249,94.5341231252842,0.467207501455957,0.558671403857388,2.75133306412952,3.37180440204193,0.308999670275104,16.9900378704063,5.69300992514851,6.04156155321883,3.08505270802664,0.2035144111307585,1.3043358050495024,4.579777526142867,6.346676830482289,1.629053476547755,0.08664791275518828,7.933597422566999,0.7158933705476049
TCGA-E9-A24A,32.1352718979235,1.82613505203244,22.0871181575131,2.47013436989895,5.21374790217957,0.502848782443715,0.635177409402588,6.3958836363455,5.07553800291142,2.1554863013523,0.2920749499775421,1.5333639983398146,4.619976361634696,5.567764463666365,2.2778062585219776,6.501568122062653,8.243626242706263,1.515611539492041
TCGA-E9-A295,7.85604933156487,3.51656014727174,6.37657581691986,3.34118182790653,0.854407196907456,0.26081903905596,1.87519895321268,5.0230149418191,6.6733698958456,0.849910316923733,0.749062230738571,0.2561652772630562,5.30316336175993,3.966790357845071,2.38084025031927,4.892536745325768,5.868926239933254,1.6418696743622068
TCGA-E9-A2JS,20.3759090857477,3.89826322720066,1.42611182772483,1.01240485883296,0.739963684196846,0.134538851672154,0.0,4.31869713867614,4.30187978221712,1.62455663394126,0.1220763036957359,0.10406822646371666,3.490005263812073,4.699079614587699,1.7763567008360601,1.1984941536390832,4.31922050252387,1.3925372452751308
TCGA-E9-A2JT,7.54160522657809,0.264154298654224,0.264154298654224,3.32174030557686,0.406390822307577,1.4726602149973,0.435854592779469,3.48683674223575,4.87364681017043,0.719820463832759,1.6445946606032558,1.5568953190608061,4.210552514389043,4.739993876644645,3.2046415656104212,1.2867037563449124,6.184345761768318,1.1435893350016917
TCGA-E9-A3HO,11.6643800815104,4.41902022079487,1.31386599477393,0.542351660633425,1.046509542349,0.446867213338808,12.1723573411178,6.00024266799373,7.46688377843905,0.59582295111841,1.4826934237691531,0.3558056389440718,2.9104448615812704,4.236844638942243,1.4474734038494959,2.3984871900189666,4.297015288414472,0.5951216919961718
TCGA-E9-A3Q9,32.2995367416289,0.135755119225087,0.135755119225087,4.27968013357087,2.56577175335415,0.410659235655889,0.862045007079304,4.50028220231164,5.56595988822857,2.49110643778035,0.32123543501606433,6.8315758039620285,4.292568273454066,5.274626948636068,2.7397401125019725,0.0,7.3164906225101705,1.1630478196238285
TCGA-E9-A3QA,7.22339630030579,0.214919399175864,0.0,0.518096003297223,2.4167830905252,1.74295880878025,0.119790983421323,1.91066618557011,2.33891895130134,0.667834732573877,0.44964060511718096,0.05032755355842493,3.1720554103657834,3.7041194425947883,5.182628741268647,3.7755668264267603,4.413905441319102,1.242389096267312
TCGA-E9-A3X8,110.340613289985,0.0,0.0,0.0,2.15556804385561,0.0,18.8171373978648,1.10837221620622,5.20359163842273,5.92691246783004,0.31788288282941357,4.4507889587252425,3.439024660658488,4.759209108113562,2.3944318253222807,3.7157616115593504,9.22805361884937,1.2234225499349372
TCGA-E9-A54X,18.1011045995843,1.37893576824576,0.709695019541269,0.370460355648116,0.205811308693398,0.205811308693398,5.95823738667386,8.84474099109876,12.1634483437798,0.480225700913566,0.6140030448649044,3.4851691800509057,1.6672109124808707,4.869136056145826,0.9078136250967471,2.09629559202406,6.884616235384323,0.08800587129002016
TCGA-E9-A54Y,39.7314063856077,4.1550114243345,0.864242376261575,0.0,0.379886758796297,0.0,5.08098539890047,1.4673126058507,3.65641005341436,60.4114918175811,0.014212444812104711,0.05338941954463492,1.4743062402884017,7.329915605048551,0.4368014735705005,3.573398765070299,7.374082242051146,0.08215755908542595
TCGA-E9-A5FK,25.4993352207007,0.520748847257333,0.0,0.2733931448101,1.90941243994355,0.668804687850556,2.9292122658225,3.11147436236256,6.52671888562524,3.44996111307983,0.37139158392421234,2.298658315564515,3.790136027766426,4.665347288135761,2.4313555215735163,3.129579769402743,7.251502293400911,1.0853566671369514
TCGA-E9-A5FL,13.3551739943165,0.0,0.0,1.3419960008149,3.00792207079201,0.0,0.0,3.10972866395728,4.30826991985748,1.795498097642,0.05699963038556373,0.027437182706851134,3.965784284662087,3.525981145242919,2.8019036146786553,5.525408051317836,5.649523491508021,1.5590512283670164
TCGA-E9-A5UO,0.348366473029485,2.18599961826002,0.222083626556297,0.378848539419565,3.12658909543963,2.12068090456699,0.495751618606435,4.89890352697713,4.55489163486052,3.60559299585517,0.06584800336608129,0.06832686143450555,2.30214354771993,6.884776171213466,2.0960256582036147,0.8798625724387262,0.11423374442708778,1.029276182370632
TCGA-E9-A5UP,61.451320319469,25.0499773057271,25.151479830687,1.37028408695857,2.3557044334442,0.0,0.592098062266047,6.99098640661269,5.83216591332057,13.1530355260529,0.006190289072069835,0.21809917437014498,4.546431488805665,6.0935369366864895,0.9507670005931379,4.151680254310676,7.967607276019367,0.6999957436673964
TCGA-E9-A6HE,81.3181851025276,0.823561447784543,0.0,0.547906583030213,3.02880036581919,0.32329891545261,5.57435393169869,1.67775121387512,2.55576300531484,2.8960776531597,0.05074546358139898,4.879313676310887,4.533482365650077,4.381366442763255,2.7803100990433753,2.2307563708011497,8.1127569429601,0.9175463262244841
TCGA-EW-A1IW,5.75121164158396,2.23688689205554,7.91956645974074,1.88600267369388,5.23585044586529,0.507137346850826,1.20342321766223,6.65309373409165,8.96399526595785,1.31855710181215,1.202762485275887,1.2642962120348293,5.067406393983264,4.545183813908532,2.748203585884699,3.1258329147401045,5.44503471642368,1.9389632195256539
TCGA-EW-A1IX,18.6721320841474,0.563580670338348,0.426207881943375,2.79676907655405,1.22578795798591,0.454386915460293,0.0,7.71401042525614,3.64214008206157,3.98028848426458,1.8703844486114578,0.19937396072182095,4.762269077163446,5.856527618642973,2.318027550168807,0.882682172764669,7.064606975297392,1.0270124650625816
TCGA-EW-A1IY,1.91169758906781,0.0,0.906246542924153,1.85539233048377,5.52864015239528,0.734649564382301,0.437036054723778,8.71122786378868,10.2073390204504,0.954508193139049,0.772223505562853,0.2807188136180102,4.592146039430316,5.203624034248541,2.483519148014704,4.864656646564181,6.687133493317777,1.644271626126537
TCGA-EW-A1IZ,5.30523129064353,7.8158873830811,1.68323469848399,0.543502288185193,0.252373259525182,0.243359233515758,2.02799361263132,6.42873975204128,7.74287961302637,2.25107291002076,0.8417316434824973,0.2967804174264251,3.6146509574015573,5.740525556743928,2.0248515483409353,3.1822950250254824,4.423302513256542,1.0883451612990838
TCGA-EW-A1J1,21.1173595124992,1.63067365630374,3.11211761028352,0.485674849381647,0.591492274665917,0.14922970232397,0.610485145870786,3.01986652157415,4.06990097247191,11.0891235163285,0.25483588278576313,0.14064779315484202,2.8219754669646155,8.476744989037869,1.871764810560672,0.8953026213333066,6.945093801368114,0.6101330764560622
TCGA-EW-A1J2,25.9535177255195,0.485475453152255,0.507321848544106,4.54647761877087,2.92498960524233,1.30835634624533,2.29872627067593,5.73346510172813,6.33545466363692,1.99044935792424,0.8081790837714706,0.8859647567539704,5.315080709860998,6.110657649401764,2.8303567474192195,1.3448284969974411,6.861105521295178,1.5157124519560343
TCGA-EW-A1J3,75.0713999829713,0.0,0.0,3.77629899235856,1.22407951383921,0.10953731667465,4.42256916073899,7.11444871801851,8.67535548063228,3.04513740355527,0.7791336235254511,1.2988928810541611,4.987793803170299,6.17847563269144,1.8120052631006098,0.14038603228305635,8.598039096997024,0.978708171381981
TCGA-EW-A1J5,59.0565343443321,0.330655396404149,1.59405511997821,1.09807202537199,3.38058129159466,0.276368689531826,1.589119964808,5.2954214976366,5.48789254927483,5.42373553206209,0.6916234931159341,0.24768451276238293,4.007957918559679,6.344240862501076,2.467175122614019,0.08433644572332372,7.623946583530315,1.7353921989153613
TCGA-EW-A1J6,7.74632616883601,1.06649740736613,2.14010479744804,1.43977149994428,0.542464663279253,0.152356975623239,0.142199654315484,4.52905898994818,5.01609280597871,6.32077463432328,0.17235949784814059,1.585731732965927,3.179208466602391,6.971724023237526,1.656130215914078,0.2866446210164392,4.132831800449589,0.5490283782075746
TCGA-EW-A1OV,7.2686092214534,2.74975182750576,3.33124056522203,0.837738011964121,0.561018363000396,0.371039093369568,0.0,3.60720132210433,4.09013264664835,0.527282160471535,1.0551262254762177,0.13408948092042317,4.041970105138392,3.9362139010064086,2.1183597259530575,4.750804781390126,4.920183712211607,1.2106382283801502
TCGA-EW-A1OW,7.37801216456736,0.189301145979919,0.35832056717955,2.25268363716104,1.8740813452012,2.23375352256305,0.0,2.66914615831686,4.88396956628192,0.487450450898293,0.21412480535284734,0.1276332797258737,5.011804218054775,3.0460020465445203,4.047712869629618,5.212110155711466,4.957487482828422,1.298423711931038
TCGA-EW-A1OX,10.3984183126884,0.0,0.0,0.717882435813218,0.421340429388022,0.883212936182323,0.0,5.74741028914703,5.43850330161529,2.0709820572551,0.35940871904276983,0.023326331860027503,2.5458942561550693,5.993051595314945,2.22949563652416,0.3215818065212827,6.7946225078671265,0.4308204965197713
TCGA-EW-A1OY,7.0730437354061,3.43333422700084,7.60305298083109,1.06939918545928,0.248460829699549,0.187613892185838,1.54312426322852,3.24102998751035,3.14722304141744,2.57500067025063,0.107553970289646,0.07778988864366763,3.1013139010862987,4.62290107515559,1.5775859297269663,3.2923547660875734,5.5489667485404315,0.717824454487637
TCGA-EW-A1OZ,15.5977427861209,0.120655523389061,1.00747362029866,1.60170207298979,1.15226024836553,0.283540479964294,0.120655523389061,3.1611747127934,3.14609277236977,2.33468437757833,0.5112656125825507,0.08120326041739433,4.784592970808035,4.742135594754621,2.3611788110429233,0.9145645234939396,5.387776098253444,0.9160944229383583
TCGA-EW-A1P0,5.04213460225003,3.93944555343344,22.1827244538143,0.933728630046302,1.8274403188049,0.177853072389772,1.37836131102073,5.31780686445417,3.99280147515038,5.52233789770241,0.2379307695958008,0.1443074672630423,3.4427975606937244,6.275163529694216,1.714487320570061,1.482590175000707,5.664212594177815,0.8522386002973688
TCGA-EW-A1P1,3.33412742853545,0.564690212491277,1.45346350345581,18.1535627441761,5.15095680785522,2.44535413757092,0.196413986953488,6.02499904979824,6.1919509387087,1.07045622889651,0.7470865830278182,0.3087103511680774,7.55220413284897,5.240310512675115,3.594906790260937,6.989962098963252,4.762104270336164,2.651981606727412
TCGA-EW-A1P3,68.3120485307727,1.25794805140734,1.73030008652077,2.00873918090342,2.47114696264605,0.333132487922103,10.3469956323268,4.14675365562737,5.44447872051795,4.96218243203371,0.2156164770772123,4.015613531268282,4.719243688447197,6.319110286169286,2.04806176806926,4.120285577521498,6.990046084665355,0.9343277783153695
TCGA-EW-A1P4,1.87761181273637,0.175397178073678,0.0,3.0846479780669,2.96465023063638,0.536460517924678,0.0,0.977628707007472,1.06586234482403,0.818808158937666,0.40979822782841957,0.3709454125766362,4.521691513107423,3.8364493297607596,3.516052979419524,0.3387952032266608,5.896397800565985,2.4105310632379706
TCGA-EW-A1P5,6.03948448418223,1.00337711672283,0.987999689646616,1.06873118179673,0.65738500750806,0.303704184755185,1.89526788714312,3.10239591262575,2.8371352955611,10.3182535681382,0.3329656625859605,0.4536492660432911,3.9187296923793804,6.224530404645672,1.7759354883017875,1.4049031221451305,4.304226271264391,0.5903385331790875
TCGA-EW-A1P6,9.38975593861477,3.83864534467631,6.10622165333231,1.71770214604888,0.209475871469376,0.586532440114252,0.968825905545863,3.65011706035387,3.25211290456206,1.84862456571724,0.21188440194030453,1.0325240656921997,4.745785903788173,4.84045819827597,1.7426099030945859,0.6349649294359976,5.790495772838792,0.907198337725916
TCGA-EW-A1P7,0.810279943950827,1.0359743575627,0.0,4.01810054397534,3.51861290729332,1.85735402677313,0.147996336794672,5.20577114675258,3.9663018260972,1.16547115225804,1.0233263318600274,0.3661403357705043,6.025877058886405,4.162282556025165,4.3057006286199915,3.1113485368361404,2.6676423845683455,2.0506061736907872
TCGA-EW-A1P8,6.61601260899238,0.142740293613644,0.0,1.54159517102735,9.93829294284994,1.05270966540062,0.0,2.53720871898252,1.57014322975008,0.553118637752869,0.2485348361386787,0.039278795351367586,3.9534980631968852,4.215911521029104,4.335597587641937,0.8143453349632198,4.757097940322993,1.5830857770331261
TCGA-EW-A1PA,3.19259440578208,0.316759400501917,0.180118161116055,2.10287953102995,1.21579758753337,0.315206781953097,0.31283642695281,5.42155664959327,7.65502184743235,2.67925764660132,0.6730136152896087,0.45628048151072514,4.14329545056108,6.055755301635506,2.7511208957517463,1.3150444704383146,2.363451457071713,1.437014621984996
TCGA-EW-A1PB,10.5872608714054,0.763073660705321,0.0,1.22647871781382,2.66921312894493,0.534460499198464,0.0,1.54777289074237,2.96270299844698,0.716733154994472,0.10996225339881809,0.1331689334860438,3.655042646547388,3.2112770267974,4.725064905120991,2.6968840908554546,6.32662003612599,1.0873270517974754
TCGA-EW-A1PC,7.5938612285437,7.8195186035521,7.06405695678484,0.951685451122401,0.0,1.36375544026818,1.51092329353453,3.36523824469055,4.6137121999001,2.11185869437213,0.03139519627553432,0.20062989798307435,3.754962306633638,3.850069291506154,3.4859291067480207,3.4811439158432176,4.244635935283804,0.7618809536299823
TCGA-EW-A1PD,1.5266388596789,0.666846685935128,0.0,2.85356221443306,1.58418400516569,0.88687224220814,0.135400342321853,5.32123345324884,4.98611760600225,0.524676326497182,0.1807843910786988,0.18903382439001715,4.810602480452357,4.367699548923034,2.6865229378059072,0.4328525370185744,3.5006236168411533,1.6167811265475134
TCGA-EW-A1PE,47.5990926914177,3.71177477356023,5.78270942896725,1.36098408363875,2.7514266972264,0.50963256811581,1.77634935591811,5.4733948645039,6.56336047261286,8.1688503548274,1.8324444816453098,0.5081243613841995,4.604605116984906,6.463266054603482,2.359155671375068,2.872592394228111,8.51875542899725,1.7542033956763976
TCGA-EW-A1PF,27.543490968967,0.725007019355343,1.14171666132126,2.39184558721903,1.18237126053745,0.592879571902734,0.477691540790203,8.13430772650551,4.89887920555059,0.968934614652468,1.0160683686276537,0.2204537860491856,4.713800274498169,4.637233468853219,3.135469201674017,2.595599136829893,6.9178887910312,1.4418552602936028
TCGA-EW-A1PG,5.88281030966584,0.0,0.218219962630017,7.85786723631333,0.561276231165238,0.407719526412484,0.375949173705018,9.85410439809912,7.1748046531028,4.05071997020195,0.7695178702795187,2.644940688724956,6.2853245331915675,5.788252419474329,3.3831512973866857,1.8819777891356277,6.643789824276426,1.934818407478707
TCGA-EW-A1PH,1.12704834312495,1.12704834312495,0.128073675355108,0.899717569369633,2.01716038684295,1.68096698903579,0.0,3.14741057185178,3.13460320431627,0.304174978968381,0.23866459211461746,0.03618680284784627,5.019457293744311,3.3051242029055645,4.144527731653031,3.6758723735361154,2.9780491557446873,1.3608137317566975
TCGA-EW-A2FR,4.0321696082822,0.892167760503636,0.342935355388785,4.37242578120701,4.02681124335425,0.538515675258951,0.171467677694392,3.71066771260521,2.61488208483948,0.367047997564559,0.7854250035609333,0.47809168673836844,5.455725036904331,3.310456462295282,3.0192393239979087,6.052428936778787,4.489690639913175,2.1814206402801415
TCGA-EW-A2FS,9.56827901369646,0.118602776742441,0.0,3.42169010901944,1.30759561358542,0.560398120108036,0.518887148248181,6.64175549757672,6.49646709606723,6.194030015374,0.48800077083406823,0.3578334786294903,4.588762599710977,6.736807790766078,2.2101394574016684,0.2809563138310563,4.07334039743396,0.7426961242236052
TCGA-EW-A2FV,11.9077195448221,0.926311438151848,6.13716309325378,2.82650922215518,0.671645755759648,0.663250183812652,1.40206051514826,6.62690479016186,5.82652693121494,2.50467896418702,1.5799042108981272,0.21250708529447856,4.6447273145262225,4.606821211529305,2.7227720182391484,8.999302716769533,6.3727797579745165,1.2291572032148703
TCGA-EW-A2FW,25.8090517983146,3.04176796881946,2.70338507506929,1.5742160709247,2.77694657371063,0.503896265693187,0.147122997282682,6.51387070469076,5.83710491719042,3.05648026854773,0.3580586183054919,0.09855430722072947,4.191073036693379,5.391451545965198,2.201131966907887,0.7762724681668848,6.3159175872365045,0.7968469026614607
TCGA-EW-A3E8,53.5636853409819,0.304388068736615,0.0,3.07833971401558,1.49896765925012,0.126349764381236,0.881576765114536,4.66058335433515,4.14369795459373,2.51263735985413,0.4411647341291503,1.7832470973781165,5.076657426257569,5.044748191961357,2.9229399412331074,2.636566621587244,6.692181669069013,0.9828019629452093
TCGA-EW-A3U0,0.499223463213859,0.506304647089233,0.141623677507478,1.01260929417847,1.21088244268893,0.927635087673979,0.0,2.91036657277867,1.20380125881356,1.65699702683749,1.411643176039014,0.08392815506235927,3.9187869274195912,3.8424157189627186,3.2647015583379098,7.466159685517726,1.246651302999629,1.271843961153384
TCGA-EW-A423,85.5728517401884,8.12987033628578,2.54155305976147,0.477316062443008,2.57564706422169,0.189066752006646,5.67200256019938,5.23807886706937,5.69989765475774,1.20568797591123,0.4545970565345496,2.8217306207608135,2.2744704082273723,4.591697366745782,1.339080360273206,5.538007298217221,7.8923205895876105,0.7250867246302267
TCGA-EW-A424,59.1174326132346,0.900732026756374,0.395219154597184,2.25489378126766,0.554532302186747,0.180759148226619,9.49138713908587,5.24201529857196,6.81676448820725,4.26775412677425,0.27643711043628233,4.133366243104216,4.649971777976173,5.96657812556761,1.9950502882566896,3.190298791626595,6.2140354114574246,0.7486329721912975
TCGA-EW-A6S9,10.121213567514,0.279713538593115,0.37172457102506,1.05260621102146,3.13941642657799,0.518942222916174,0.147217651891113,5.10109163802707,3.88286556862811,2.38124551933875,1.0906502196555257,0.3007680332803088,4.496820230594296,4.35746051373892,2.4081411908167936,3.611880567102759,6.389217452799621,1.4721238024814385
TCGA-EW-A6SA,0.843193827219896,21.6040785468588,16.2196385640501,0.88424820832049,1.53796027661457,0.140356718106711,0.0,4.64861915231343,4.08017387553598,0.656870097609507,0.11503324294624008,0.03463831799900894,3.0416460112809847,4.7609873409697165,1.137306779193289,1.3882446533922994,1.0482361856528477,0.36546858577813096
TCGA-EW-A6SB,3.13859304672178,0.0,0.0,0.301182001056288,1.05644196799081,1.69799036309795,0.0,2.07446786441831,2.05525982863666,0.55703303766788,1.4931349223055048,0.1585955515008968,3.306378910710963,2.979275415946767,4.282484286182145,9.386867192896924,4.428510925412478,0.4508021528798187
TCGA-EW-A6SC,56.3339829705323,2.98295897226399,2.28580850424195,1.66471081454959,1.53373102964848,0.283085341560464,1.16614260105504,5.49692581149498,3.98432055360474,3.35054740085743,0.34357837714689493,0.6634812533100464,4.9886028938686096,7.288865151578768,2.4613975899261584,2.013283586818423,6.315303562298486,1.4077878056243618
TCGA-EW-A6SD,1.51091481091538,0.783716410649374,0.297661521352406,0.173321898508996,3.83945683871015,0.448376215708055,0.0,3.71888508322563,4.2916009217771,1.75205832188442,2.1925413805096605,0.041943829970167254,4.116497840501748,4.568226721666338,2.964232264438452,5.201065295939717,3.970688029331621,2.2245960000211165
TCGA-GI-A2C8,8.80616196506569,3.16962529988391,12.7466970666052,2.59737302403958,1.95395984342703,0.7086440099834,0.0,6.67726489741681,6.28884495889035,1.45879854774826,0.6555704715472114,3.800882445975316,4.335389155943322,3.4813061576341493,2.5996308730227473,0.27273710542009033,2.993330563583145,0.9363366689739958
TCGA-GI-A2C9,1.66491581759565,5.17500408658176,0.0,5.75182531472513,4.66700811861458,1.6583610309122,0.0,3.18234893481373,2.16635699887938,0.222862747237213,1.2311557520430707,1.0443301926030872,6.88365057172156,3.7808119338299155,4.269966940369069,4.452450477506188,3.355937244072245,2.1418758754496334
TCGA-GM-A2D9,71.6002746899024,5.31774290746567,3.77888615011271,1.49542128436316,4.60416013691894,0.273022973078751,1.01763108147534,4.16980540702092,3.92780777179203,2.43238648742887,0.4645637200965623,0.3840498067951597,4.024594502736698,5.652033251131694,2.2136272385119473,5.934061164625289,8.503436595037329,1.1558787327041427
TCGA-GM-A2DA,72.8107856634324,0.670741783081316,1.84453990347362,3.30958116651965,1.54599273582413,0.384172651589691,9.67280255601477,9.91109240000419,7.94299479964717,1.13849592128276,0.9838965446022951,0.7122876204505505,5.032047931620686,5.14548589822216,2.1413673907597026,4.1606701466894735,6.714549138670972,1.2524156590326505
TCGA-GM-A2DB,3.51878738601241,0.668443481930674,0.252242823370066,0.252242823370066,2.44044931610538,0.292601675109276,0.252242823370066,3.4683388213384,4.09263980917931,0.252242823370066,0.40751591194630105,0.21958674457331648,3.685446835040285,3.2614555945629284,1.8482373356932265,10.229436392391161,4.541223644380653,0.8818995030547616
TCGA-GM-A2DC,26.3615042598889,0.218767670206547,0.0,0.755743855112027,1.44933581511837,0.0,0.218767670206547,4.2605003772725,6.65053717427903,18.8358964047837,0.12644429972469104,0.2695119699049987,2.682573297347578,8.860167631952264,1.4563856303785894,1.7456676020526787,6.023470498340651,1.2574331030035804
TCGA-GM-A2DD,5.50901744902461,0.0,0.495649062522863,1.96228276392248,3.18515463129446,1.29600041758027,0.162507889351758,4.98086680863139,6.10217124515852,3.05108562257926,0.5639390736742694,1.4419614657589694,5.1854146414802225,3.949254770856526,2.4662355621504046,8.608194931792704,5.920910172959128,1.1865639435561015
TCGA-GM-A2DF,10.6215262079084,3.40239963486388,0.143961181660907,3.41293337986346,2.99158357988032,4.16785177149993,0.140449933327714,2.74579619655682,2.35253638323922,0.783008378302008,0.722116237818659,0.04684025420297235,6.182815429778703,3.6044034849440703,3.8423453144027215,8.308438695533956,5.368405185562871,1.40250390087259
TCGA-GM-A2DH,5.23294397845687,16.6837919481401,2.76504137662942,0.737344367101178,1.27659621766771,2.01118929981702,0.208717979018767,3.92883491127046,3.2355111033992,0.767608501571749,1.6998625246783465,0.1625967659884867,3.6104874686170447,3.876762490781555,3.2103732777682827,4.332485963482326,3.315435808038142,1.3525890520830377
TCGA-GM-A2DI,15.369694873768,1.22427300618041,0.561450041050888,6.15255669984931,0.682844897426774,1.41922093710085,0.912356316707692,4.64755867314346,3.6182335978835,1.70774387486312,0.8300118792689041,0.24780601821921888,5.135949330588057,4.994575198816426,2.8173367364293544,2.63203550398342,7.106787996402002,1.5458201393973803
TCGA-GM-A2DK,0.726647095401922,0.57156997138322,0.555643993823996,1.92738711280388,1.04566289338325,1.16529381762625,0.930462744112218,7.90450254998189,9.61478168915958,8.44505709656137,0.44265161077522364,0.2470768319308177,4.915200584984182,6.735266271190522,3.156946664614356,2.7858225353171213,3.3389805617180732,1.053806443695794
TCGA-GM-A2DL,40.3893740621952,5.88133133026464,2.5710985846261,3.3510438342834,1.08829569719623,0.418574849577129,4.85651954873819,3.82263863640177,4.67513693253882,1.26967831339561,0.34357837714689493,0.23768607912016526,5.146366035086985,4.222858645642472,2.94103116862287,5.578416471631701,6.571120069802304,1.9684225798331205
TCGA-GM-A2DM,5.31510958709433,0.835077905457167,1.77050852058301,0.361986559876283,0.734725195788495,0.282505780208556,0.312787927156147,6.25412422756548,6.225452024803,5.11082014241168,0.16594408777059763,3.4853495378656407,2.9814873677982616,6.272286389689524,2.3696898153783135,0.0,6.134937590563678,0.7748397598273262
TCGA-GM-A2DN,17.1794406893355,2.87975114358915,3.23843900844901,2.16920756367629,4.30767045322172,0.502163010803801,8.85105007477993,4.79958523931525,5.33932507405675,1.76611072507187,1.1713349473987684,1.0813396274519387,4.445753184293458,4.702906835510453,2.0940333349871203,2.745172780571946,6.887266927216334,1.2750666617657358
TCGA-GM-A2DO,46.4354038986337,1.37452412708711,0.458175914751956,0.36171687554924,0.36171687554924,0.0,0.491562382365151,3.95175686537545,7.25242335476226,3.02033591083615,0.5591491477372572,0.42072491941584733,2.7106356415519604,6.202940711473314,1.4965646103592343,0.756681739809004,5.522388505164933,0.4718637684076483
TCGA-GM-A3NW,32.0430702409652,5.16726165145682,0.205476329670235,5.88546188099362,0.199308879699118,0.0,0.650160207791202,5.84766186891273,7.32942234248338,4.02192128540604,0.38250125718911465,3.8593235690643657,6.055987339787912,5.4815282198622555,1.87180423007352,1.36429227013537,7.096075220151184,0.6010308693488097
TCGA-GM-A3NY,105.397824108252,0.241779719236686,0.0,1.00640808132271,2.26366262135347,0.241779719236686,9.96736892553238,6.02333725548394,10.1789261798645,1.44161157594874,1.4285712220852667,5.457013078350384,3.385168705155178,5.288181352329058,1.7292699679841985,3.129200574872834,8.055112122349863,0.6490175651315995
TCGA-GM-A3XG,11.8062738385023,0.493860824735151,0.240598657104883,1.32707477719185,0.0,1.55495630458843,2.48658960776857,9.83912006524061,20.2915095350926,2.63739355972219,1.522005515172175,1.4125105712498047,4.427418449318468,3.7381192887825767,3.1239806551335807,5.545227068220152,5.857769550187736,0.40882053452885037
TCGA-GM-A3XL,22.7183199632819,0.61519024505382,0.240455070401747,0.645377661606543,5.68348348222311,0.683891693740034,0.132482624529245,2.51384846329099,2.81363660301265,2.21406032356933,0.2541102418747209,0.0,3.634070458133498,2.993583794247439,1.8390727425958768,8.588666669858872,6.30813330627405,1.1688345531901843
TCGA-GM-A3XN,85.4448157006227,0.350707556099836,0.131105628448537,4.47397957080632,2.54344919190162,0.131105628448537,18.7251613831623,6.67983176945295,6.02102598649906,2.32712490496153,0.6824834070057387,2.051058816673939,5.171386992891059,5.288310570004606,3.0929177837312722,2.4827192348067495,7.764414499076521,1.2286647948169371
TCGA-GM-A4E0,34.1155836813689,0.0,0.656875228604809,8.53238993751565,1.64218807151202,0.566399750309147,2.82316587613131,10.7825369972045,10.5309677607175,0.978324808560353,0.6474526700542457,2.503882967738278,5.971545853064543,4.677113547197041,3.6597761723259734,1.3198491168047564,5.832667265103673,1.5112656125825508
TCGA-GM-A5PV,6.50320386841782,0.325160193420891,0.0,1.25593124708819,2.55250751835399,0.833222995641033,0.0,10.5880287982678,11.1204786149945,2.0810252378937,0.490878146326293,1.8426973028498013,3.9157216594526956,5.400503774467286,2.0784732093786933,3.9657473511962897,6.510517336192268,0.9330438049460552
TCGA-GM-A5PX,97.9927719613359,0.0,0.0,1.33607878123779,1.34427558357667,0.725417006991069,0.327872093555285,6.33612820795589,8.29926236811816,1.49181802567655,1.0611540632071006,4.374747386407802,5.039164720218596,6.176358679979472,2.496308944824728,1.8638195420863994,8.019709141241469,1.0102785672972665
TCGA-HN-A2NL,0.359489993205823,0.0,0.0,0.562279220142442,0.122902561779769,4.71945837234312,0.0,15.0555638180217,16.9113925008962,0.122902561779769,3.387279815124749,0.15846629512479557,2.0907179597677996,2.599008271462285,2.755699457509384,5.591867878803596,0.8449479975978372,0.46435460355164043
TCGA-HN-A2OB,18.8405480409938,0.524441142407622,0.48510805672705,3.41323776850294,1.05762297052204,0.174813714135874,0.332146056858161,6.51181085156131,8.53964993553744,0.716736227957083,0.7071713624213855,2.943621319785564,4.864735873895493,4.232837245919833,3.0527636572095633,2.509797169018756,6.81527825226176,1.1386834279792717
TCGA-JL-A3YW,22.811302223225,0.0,0.0,2.24148282417895,3.30290923117177,0.961527451040552,0.374621084820994,2.90643524973621,3.08438026502619,2.74097760394027,0.399006986472397,0.24731993497981972,5.722228288087807,4.215515527134729,2.8638195420863997,9.516600847092755,5.944350134153439,2.6385604474094495
TCGA-JL-A3YX,107.852939494572,3.66461970750702,1.66734305020014,1.49943041086903,4.27146187772121,0.194425161330758,1.62020967775632,4.61907049949438,5.32017941459621,8.66370302232971,0.5796628970160074,0.09747595901326854,3.946496941203293,5.700459138905157,1.8541153679383298,2.0398753491013113,7.841802077995717,1.2348078530271667
TCGA-LD-A66U,82.3449335489211,0.487783333956576,0.0,0.503935099981628,0.910959603812943,1.01756125957829,4.10900927677328,3.47586004859123,4.13162174920835,3.33695486077578,0.6072948008192126,2.6465774299687497,4.002612517881844,4.722777481823801,2.312723251899856,2.648603493363852,8.187851856944949,0.7483753557433245
TCGA-LD-A74U,134.703527595168,0.366146927654963,0.273646651194762,2.29709019876167,4.18949168800995,0.423959600442589,0.447084669557639,4.03147038239044,5.28022411460316,0.616668509734675,1.4010296736233323,0.32504095549520085,4.638369298679009,4.324976172691593,3.011245149204265,8.22131257226728,9.109343842099484,1.9758869360059403
TCGA-LD-A7W5,12.9122629625559,0.863519275863833,0.0,0.794936517491976,3.25456362455539,0.554896863190478,0.96951081152943,4.8070278822456,4.70727114279562,1.49323369364179,0.766383141001298,0.4327456588438479,3.904763457538163,4.4102800411728,3.093408056435079,1.6757256187968363,5.069633432499137,1.126642531118168
TCGA-LD-A7W6,63.5177356148413,0.545166832340676,0.15465725740161,3.52231903732167,1.43444606239993,0.266783769017778,3.62671268606776,5.51739765780244,6.11669453023368,4.99156298263697,1.0725860470685966,0.9366662037713911,4.634808146631607,6.405418910546875,2.3986513565008107,1.1555549608405586,6.824719490995764,1.1367163844883121
TCGA-LD-A9QF,4.37263562880777,0.793456563807327,0.258735836024129,2.22081592587377,3.64386302400648,1.00044523262663,0.198364140951832,3.97590734690411,3.18676304703052,2.14750743900027,1.235604532763299,0.41510963222757946,5.015229929494076,4.531824338901284,2.7700467135640414,8.120276763476674,4.707734598099981,1.9482270438791673
TCGA-LL-A440,17.6265662417252,0.299844383212822,0.621106222369417,6.47113133158284,2.75673254361992,0.789386233356204,0.367156387607537,6.50784697034359,5.90509856735455,1.01579933904752,0.6661203025958312,1.605541743360766,5.9851770627926415,4.7584524284312755,3.4236722859481294,2.4284372260565927,5.370837334694503,2.1380935964872845
TCGA-LL-A441,4.00082578992956,1.12047480265912,0.1959247625041,0.898206703218585,0.321084233775912,1.13874341357204,0.121790739419469,5.27049424837753,4.4270933778977,1.3305638281577,0.9685700343550078,0.4696776298171893,3.7685866350008883,4.13495196100745,3.7619022233770787,8.22857870226117,2.576377014607468,0.9918982015030355
TCGA-LL-A442,12.7821140716098,3.89610972326396,1.73781396809519,0.476368606874487,0.838302297013761,0.174461619244811,0.212902170670162,4.34054300453792,5.07505549334998,1.17628449295264,0.1644001350244117,0.7143114679319973,2.882212621892863,4.857538169039958,1.536401094952408,2.837378159753807,6.066028897464858,0.5122774621407131
TCGA-LL-A50Y,162.896434004588,0.208640965743949,0.0,0.625922897231848,4.96043896056239,0.625922897231848,1.09536507015573,4.04763473543261,7.89184452926488,6.47830198634962,0.2708279155536642,3.0646069752973917,3.084421491735768,5.422155615244892,1.6915341649192002,8.979013264600589,9.064393566045704,0.8104019715399103
TCGA-LL-A5YL,61.3079570649155,0.344558706202105,0.313235187456459,0.469852781184689,3.50823409951234,0.313235187456459,4.51841757905943,4.35005366580158,6.6170933350177,1.63273841461679,1.6147569517556066,2.0929516009913534,3.310718196784404,3.8697628545874867,1.854474470626155,4.592265661917275,9.3693055063373,1.2591218060576792
TCGA-LL-A5YM,21.7608187722559,0.0,0.0,0.0,3.00517129520838,0.0,0.0,1.77376234731974,2.21831431406654,2.30277918774843,0.03815520102596883,0.268314613175228,2.8584584979036287,3.14097492747086,3.011316722109022,0.2727398781174608,7.122856977807046,0.706198987429777
TCGA-LL-A5YN,42.4157123630218,1.07211911186153,0.178686518643588,0.178686518643588,1.23293697864076,0.830892311692687,4.62798083286894,2.58648735736594,3.39504385422818,4.40462268456446,0.5687131490760814,2.7898752868663066,3.093408056435079,4.194457451826207,1.9346297236996632,2.9709272593526617,7.415855827517981,0.6934981087222453
TCGA-LL-A5YO,4.59148456019098,0.176935821201965,0.176935821201965,1.2341273528837,3.44582511790826,0.205627733968075,0.0,3.05656631126394,4.42339553004912,2.69384787779991,1.1668439644124908,0.46821836153494933,4.127666292964646,3.8938766737834367,2.533314156566792,8.82931618659106,6.079023901155006,0.9503190977516363
TCGA-LL-A5YP,1.59116881750023,0.270541367189139,0.0,3.94236519866676,5.44464190345748,2.5023129727727,0.0,3.80458242396702,3.28456356461639,0.417792929734696,0.5949306698123918,0.18472462050188018,5.295469575705798,3.51504377532399,4.439736155322355,2.193235560368633,2.982071780198127,2.0442891922671755
TCGA-LL-A6FP,74.604994182434,1.04745516577654,0.21276433054836,0.226948182811931,2.09818362894613,0.130931895722067,1.40751787901222,3.32894344873356,3.93777676384118,2.5269855874359,0.06115406320710068,3.459484079321323,3.120302168518616,3.982354769871031,1.1263782165402494,5.199491751297265,9.214817177501288,0.35535462056106637
TCGA-LL-A6FQ,15.4140142221967,1.46800135449492,0.285048806698043,0.142524403349021,4.9954803373832,0.142524403349021,10.4434756553995,1.30409829064355,2.58681792078474,1.37536049231806,0.04460395064976797,0.7164202862002441,2.719117712559006,3.1699570609758942,1.6079575647544926,3.6107473008846545,6.883521847530088,0.6431173407522953
TCGA-LL-A6FR,11.6537178955827,0.0,0.0,0.0,4.95804300130157,1.39010551438362,0.0,0.293466101878535,0.72285486747948,0.185347401917816,0.1772162008360635,0.3211199593653933,3.4830934429684994,1.6176276130029865,4.121860870957989,10.845597465000262,7.609645645046572,1.431569476051276
TCGA-LL-A73Y,14.9429913635572,0.648561675321239,0.52145662337386,2.59750580518104,5.10701580516774,4.1423210519261,0.0,3.74471037660354,5.35470770127033,0.55078855843864,0.5223571163676215,0.1750454861109138,5.483993080843028,3.1268242193044022,4.436141846173687,7.225440756221045,5.340804359430996,1.6948801927991914
TCGA-LL-A73Z,7.15297955054998,1.06604618717445,0.513986554530537,4.34509003968871,7.77166706989229,0.513986554530537,0.0,5.32547180110807,7.21008916772004,0.975622626655187,1.27017009277082,1.1956625628559205,5.174813856821165,3.87878418576096,3.1138171634088003,9.686878134704001,4.541836944268789,1.3490821463910894
TCGA-LL-A740,12.3064954131444,0.495880531517812,0.385684857847187,1.70409738212074,4.99816091291763,0.173164630053839,0.157422390958036,6.79277616983924,7.2611077829394,2.03861996290656,0.29818907014132195,0.30275771563803605,5.855100192953438,4.372959060708931,2.6585314113245504,8.7057294852451,6.486373285268217,1.9390008450695133
TCGA-LL-A7SZ,4.88562590612844,0.740005226824015,0.159140908994412,0.159140908994412,0.686818743628993,0.159140908994412,6.97832885940496,1.24925613560613,3.52894965695108,1.57151647631982,0.6031218698399965,0.506601942191015,3.4648773380915414,2.9620121923815415,1.6129186130299193,1.5865005552814249,4.503495032802187,0.7182629769509327
TCGA-LL-A7T0,6.44113885826296,1.1305042015918,0.182339387353516,0.182339387353516,0.678074596720889,0.516627656370338,0.30541847381714,2.60745323915528,3.82912713442384,1.75957508796143,0.3020557880986188,0.17235949784814059,3.0137838154331,4.629694666582259,1.73993448903754,3.1437199310949184,4.620932381190428,0.6728326336622132
TCGA-LL-A8F5,50.0442022753851,0.0,0.0,0.143691629532367,1.41536255089382,0.757973345783236,0.0,1.38303193424903,2.19488964110691,1.77459162472473,0.8813513815096612,0.16979675618324852,3.425888934024304,3.228341560445844,4.134771293587846,1.3678742436019724,6.512049857856653,1.6082888325811837
TCGA-LL-A9Q3,87.1214353208714,1.86786249513344,0.404625124890368,0.194078911647996,0.940988662535739,0.188197732507148,0.376395465014296,4.04625124890368,6.79393814350804,2.35717659965203,1.6614759907367953,0.14873891273752513,2.899427016560533,4.022864902287469,1.9240618694602658,1.3648525400612033,8.09912685203688,0.922958964236172
TCGA-LQ-A4E4,52.4229866996753,0.825040729173224,1.55391106660233,1.99933182836456,10.8065150722996,0.202463982619196,2.07019422228128,8.50854886957171,10.082706334436,1.16922949962586,0.74536642658117,2.6090457306755437,4.273269700464334,3.9440150658758855,2.372283512880528,9.930888989951784,7.29928038032376,1.5186861986169853
TCGA-MS-A51U,33.496086349101,0.0,0.0,1.18865102263328,0.865377731958956,1.93466630880479,2.90448618082776,5.30665540230003,5.04306333451943,5.18729295651259,0.7077898054503128,1.0970039280998882,4.449574579999398,5.882119671830431,2.5835431526370485,1.8638988154003866,7.194083111182596,1.0306185858454775
TCGA-OK-A5Q2,30.079610054404,8.45382589029015,11.5952045209719,1.32609033573179,3.32735471435141,0.6104867094375,6.97006017927318,6.02400792756209,5.30436134292715,1.86380379503767,2.0646069752973917,2.0857305676291023,4.6145802901722925,5.228760981540058,2.539977657158227,8.453929472070747,7.321161459491328,1.6245688463159307
TCGA-OL-A5D6,14.2671895715944,0.0,0.176519512175619,4.20999036538851,6.89308695045791,0.47660268287417,0.524654824478617,3.94521109712508,3.65395390203531,1.70341329249472,0.44625622988956404,0.23744134713639115,5.486250988884108,3.719566793693992,2.1737670677367067,9.962012770970253,7.6596869906587415,1.8694371508022225
TCGA-OL-A5D7,5.08605066273338,3.63622320525393,0.0,0.0,2.78777112402801,1.54306394992186,0.0,2.87168396722618,2.24233764323992,0.787848361138351,0.4227712193204742,0.02658762234808418,2.9831121787393116,2.720760012944547,3.0426443374084937,8.996872840364992,3.807664037876568,0.7051374667190209
TCGA-OL-A5D8,284.424487794559,1.4773983599311,0.877460351892781,0.46117683611109,0.464237744315367,0.163248437561448,57.6838354123376,5.30965543168609,6.09732914292007,4.85255980651403,0.2766753165031801,1.0342861577119358,2.880665936600768,5.152361919209366,2.2654068896005923,1.992840926185682,9.689279239463923,0.4584869999743257
TCGA-OL-A5DA,19.1319775314458,0.360111636617277,0.0,1.49069468181105,0.5234180764786,0.0,12.448975530967,6.8044349942218,8.01457758704032,4.34227636246646,0.11995371750556835,3.5291462820302604,4.315783574589461,5.812665075431667,1.7110983863511235,1.4684269188234786,5.864745777005995,0.6095658678618131
TCGA-OL-A5RU,84.401162629163,0.331561006847532,0.272803360064425,1.82988099981676,4.3648537610308,0.300147490087375,2.16563898143451,5.63234014163783,7.89031256801722,0.768994899248683,0.7974280821523131,1.0952493170190245,4.441277631198102,4.627571820834756,2.201414303914083,1.3347398786686413,8.044601765064439,1.4974846313192025
TCGA-OL-A5RV,46.9061359424677,0.410465338187502,0.632451694554212,2.27012462548598,1.92248561457208,0.540306414552936,7.45957925828511,7.41350661828448,7.97475514192861,1.20626548365307,1.2692127238727529,3.411588946518798,5.220736236130974,4.41893202298725,2.2402532615845048,3.9010116738494514,7.47499973937337,1.0256667003884758
TCGA-OL-A5RW,29.7120168248745,3.94523681652213,0.51806219716691,5.82141610260155,1.79289095328617,1.70960262049292,0.0,2.01207077642629,2.06905753044272,0.99945999351894,0.039419183133397186,0.4536492660432911,6.934643875839111,2.8456305500545986,3.089447303078356,9.678074370653814,6.669065044056551,1.2615308152434062
TCGA-OL-A5RX,27.8770066636944,0.170945924658558,0.692330994867161,3.00437462587416,2.40179024145274,0.333344553084188,6.63697552486852,6.04293843668003,6.18396882452334,1.92314165240878,0.9219694353224188,0.9491240098937954,5.17795764509956,4.946473547223434,2.5770299545859934,5.095755673868056,6.734842369154861,1.246590502905181
TCGA-OL-A5RY,2.28613645084824,0.188159378670637,0.0,0.776157437016376,6.76903364767616,0.809085328283738,0.0,3.93723499868307,7.24413607881951,1.77810612843752,1.295135249000818,0.3934162004715447,4.869634555813393,4.186033000520744,2.852098743282002,8.47549633940738,4.696856277990183,2.306524736172853
TCGA-OL-A5RZ,2.24394675889523,0.185450145363242,0.0,0.658348016039509,0.755709342355211,0.185450145363242,1.07097458947272,1.81277517092569,2.38767062155174,1.2239709593974,0.6985741065101584,0.0,2.595742339474399,2.6678921252302343,1.3966527275200187,3.8627191751078764,3.1908202676620143,0.39220749896897045
TCGA-OL-A5S0,6.80179152129308,1.55019792736343,0.0,0.605769651615863,4.44072083192416,0.896729877982538,0.190793591060114,2.1702770983088,4.17837964421651,2.69018963394761,0.11796095273241665,0.05408439284237917,4.791970311261709,3.234562632265791,3.3842294415454464,7.690330486530296,5.262775148275265,1.5138949467649272
TCGA-OL-A66H,15.6645063085629,0.0,0.0,1.89472827053833,1.80105631109598,0.34062530706307,0.0,6.49742773222806,6.53574807927265,2.84847913031492,0.36580449987198166,0.3507235344410223,4.115316292459778,4.375880468562056,2.220577606590899,0.10326262660608464,6.889144956142879,1.1974880024059813
TCGA-OL-A66I,2.85640506069934,0.0,0.246241591721333,1.11578322683568,2.032754169617,3.69222813243806,0.0,5.03116800464088,5.86699107637961,1.40791556258902,0.5827486706213036,0.3095254660278272,4.14125293332858,3.3843261586858406,3.8301741804324108,8.897358728979368,3.9804640761061334,0.6281669992863237
TCGA-OL-A66J,33.8099975765928,3.18893378842779,0.606764225838192,2.70534726257179,3.91887571424817,1.07210220354869,0.182485481455095,8.15710102104277,9.35694306161002,5.88059463989045,0.2336426830088097,0.31103803002230457,5.141833302289955,6.052917950217816,3.310587335475344,0.9983399459888642,6.298773770532494,2.1457100581050024
TCGA-OL-A66K,152.862315527058,0.419160459704708,0.732472318473883,0.571582445051874,1.98148580951316,0.0,4.07305416399928,3.29400846111376,4.23394403742129,2.59964163897667,0.4490066392182045,2.8629274170249572,4.042013896022044,6.296866663559808,1.8516790908698058,1.442014565559888,8.711844181033891,0.9252399054874104
TCGA-OL-A66L,74.7580628887261,0.0,0.0,0.436082032263253,4.02475710510856,0.420079021904969,12.1702893774754,1.10420771472163,2.8685396067225,4.09677065172084,0.5509006646475233,5.325451179044902,4.834306702962908,4.60711722305341,2.630754919235246,3.1546642133731604,8.270087376492063,1.085628604377451
TCGA-OL-A66N,16.3062316975968,0.884719495056898,0.263236255049749,1.0735090107385,0.977263375292975,0.16094639369825,0.496035198065374,2.12850924542978,3.59440430836924,1.10312305241404,1.729661525875295,2.5028906640282726,4.5740651677062365,3.466718468260143,1.7933132781053875,5.248007239124498,6.963235967156576,1.183772325560338
TCGA-OL-A66O,45.0505331943106,0.195510012066422,0.128303405323775,0.526043961827479,0.792273527874313,0.789065942741218,5.35345958713452,1.90851315419116,3.2524913249577,2.69116392666619,0.6925164710108022,0.5685185977925435,2.6244050804901247,4.637175494368948,1.757492686261044,2.0111019927415557,6.96660465630976,0.36086990381428596
TCGA-OL-A66P,1.33776461172143,0.167220576465179,0.0,0.476578642925759,3.98403023428288,0.284274979990804,0.0,1.1203778623167,0.861185968795671,2.00246640317052,1.2211965499445465,0.6156046263592655,5.0836856777999815,3.088548697010238,2.476381687567235,10.147013825165287,4.41510963222758,1.4844990821225157
TCGA-OL-A6VO,8.07063107335939,4.64197922684418,1.47202480976848,21.4500248888789,0.958273576656217,0.251410177906004,0.0,1.17324749689468,2.15338282815142,0.448165969310702,0.30847737659496083,0.0,6.989819085030572,3.0179753401574465,1.6108890078544882,9.677949503307383,5.437191111681327,0.6418234437679071
TCGA-OL-A6VQ,83.2803616652412,0.983708720348413,1.00463869312178,5.3894679891429,3.16042588877894,0.41859945546741,4.07087970442056,6.24759687285109,8.13129442245444,5.30574809804942,0.8306609743997633,2.3665040697948614,6.289915596052939,6.077240862237986,2.556208671739585,2.319357809481323,7.752460264395281,1.330673122709157
TCGA-OL-A6VR,8.65262772284128,1.32514899593116,0.914760063385103,5.49169312025372,0.125309597723987,0.388459752944359,0.125309597723987,4.88394157129238,4.84008321208899,2.33389125760925,0.4188915560074607,3.4527140291648735,5.9124007725375956,5.433410179046962,1.0999011100079423,2.799646863725785,5.971982618212604,0.44678556214312243
TCGA-OL-A97C,22.298863396845,0.309369432328371,0.600540662755074,4.53741834081611,0.485285384044504,0.515615720547286,0.406426509137272,2.92384443886814,2.64480534304255,1.67423457495354,0.23976462651094677,2.501107892377292,5.660786037500382,3.9162855463460553,2.76202983527487,0.32688244921584425,5.937010047445276,3.251204022914663
TCGA-PE-A5DC,8.72957744669095,1.99969161382341,0.758919106451053,1.40942119769481,3.56169972180997,0.421078837641103,0.393513610752398,7.46471226927253,7.62533006957963,1.38934397265643,0.23535944739094555,0.268314613175228,4.196221455611276,5.210061508857435,1.9285787762076052,2.268344559207857,3.9420358734506324,1.5166707684832
TCGA-PE-A5DD,65.115431417318,1.81522986217729,0.902863020454675,2.22864608733286,4.77567018714184,0.380152850717758,3.26456260553875,7.48901115913983,6.42458317713011,1.90076425358879,1.7782926961054606,0.31429048398799614,4.232369118743129,4.769221633341905,2.253111889303309,3.8147452305346676,7.935400812980595,1.1495195214900291
TCGA-PE-A5DE,43.3785763514894,1.22128988992532,1.7407937983264,1.23496104540956,2.01877395983925,0.53317506388531,5.30440832788462,5.9104962210192,6.1337917605951,4.39755501409678,2.21890513195676,0.14808808264533596,4.1565098789223995,5.350787171365642,2.286112293955155,3.902083229412521,8.00751509293603,1.0335815791469993
TCGA-PL-A8LV,68.148036642808,3.08371044296774,0.235697613475241,27.5059114925606,1.37883103883016,0.777802124468296,0.0,7.05128693646763,8.90151320224827,1.93272043049698,1.547005550843488,0.06391705369231143,7.207037754627461,4.368649632610184,2.5162673443718253,9.727312625277186,6.538663866305608,1.3857071246579338
TCGA-PL-A8LX,23.581464012919,0.0,0.0,1.14473126276306,2.06500541518042,0.516251353795104,0.381577087587686,11.6268783159071,10.9669744114908,1.70138489642039,0.16568687702987556,1.1164313001313335,2.9712768318868683,4.247441471144407,2.713057897058674,0.034779158048019,5.63663042031105,0.7528342087503173
TCGA-PL-A8LY,8.36404097623836,0.0,0.0,0.983115123789319,0.403329281554592,1.13940522039172,1.37636117330505,9.37236418012484,10.0227326466316,0.94278219563386,1.2960755749528878,1.2619519785921538,3.8178892618597495,3.6952255070394258,3.8822615405730687,5.353891363997342,5.456231190340675,0.7304877992637763
TCGA-PL-A8LZ,6.91729525178955,0.18645000678678,0.18645000678678,1.92043506990384,4.42352641101636,0.629268772905383,0.0,4.55404141576711,3.836208889638,1.21192504411407,1.2252132221751744,0.12008647067252551,4.830377031213933,3.7486007726508994,4.492256994398033,0.3691593460645315,5.159140724391249,1.6914001622526436
TCGA-S3-A6ZF,66.0174092883269,1.25665472700075,0.850393746764889,1.00188089193758,3.75963551201319,0.32363162832348,0.0,2.85415553064005,2.82316952367291,0.747107056874416,0.36848900064510354,0.07340895518534003,4.06438278696318,4.55962029177524,2.5023306017160114,0.6944790789624686,7.4815031947754935,1.1595000220232197
TCGA-S3-A6ZG,116.520471391056,1.19426405452894,1.03155778006995,1.35697032898792,0.699636980173629,0.39049505870156,6.09497704123352,6.85318828021238,3.5372344067383,2.89291755988073,0.6156046263592655,0.17542879082225651,4.036274735061814,5.54139712937807,1.7019482101870747,1.8188096675992986,7.918714787048334,0.6974179939174495
TCGA-S3-A6ZH,32.424888144158,2.06455603473003,1.45988832876541,5.16139008682507,6.65802617672645,0.133628222312623,0.0,3.76497516365816,3.7950415136785,5.32508465915804,0.23572705983805847,0.05227676545235779,5.838129872184478,6.0853672906474925,1.2113860616794294,2.0364329995423627,6.922083646379798,3.180752571251816
TCGA-S3-AA0Z,19.2604649034653,1.58772207312787,0.149856287450191,0.314946914301438,3.03582850383345,1.13315951640414,0.0,5.70800696228792,4.66900683263369,1.29550328666262,0.22564512061895256,0.10982856530708651,2.678162070735047,4.774681653373254,3.9664766121364092,7.306132796815402,6.081377978358099,1.5507036962478875
TCGA-S3-AA10,1.83985761562696,1.50674655258713,0.550020592461111,4.99279256114347,3.98958598757003,1.29758379207375,0.154935378158059,1.94056561142969,2.18458883202864,1.50674655258713,0.6657565826793985,0.04600204654452046,6.242000304677874,3.5776221815340588,2.9384551786178115,6.166448328869253,3.4172584409460356,1.2697513220483745
TCGA-S3-AA11,61.226046544925,4.73916559582966,2.84728312244456,0.449322087428959,0.96958976760986,0.0,2.16620543202593,7.53915165643959,8.62225437245256,2.0432330712559,1.1302060464331953,1.5720165131289408,3.2935617713548195,4.735218876189111,2.0127831846982898,3.344544473954711,6.651551164781751,0.5886127065137863
TCGA-S3-AA12,14.777342199276,1.81365459222705,0.210278793301687,3.51165584813817,0.210278793301687,0.210278793301687,0.0,6.97074199795092,7.28616018790345,6.87085957113262,0.13290581201150653,0.16697247241069538,5.460057743551401,6.846974635470554,0.6441331606342237,0.04432416881220142,5.153156788061421,0.4090378569727183
TCGA-S3-AA14,89.8108651515942,0.206141883632511,0.432897955628273,1.128626812888,0.747264328167852,0.592657915443469,1.59244605106115,3.82908548847389,2.5406987157707,2.94782893594491,0.9115765451233674,0.20951575109266346,4.971074458112191,4.45993647355715,2.4522264117974455,2.453359539153897,8.835040114904128,0.8734195034348567
TCGA-S3-AA15,2.97228228618877,0.0,0.0,1.55416147280606,2.25909943527247,0.709060406691358,0.0,3.59064891993124,3.3968940413586,0.717305295141258,1.7436442167062598,0.27429148410210263,4.571719277240281,3.9931308714292624,3.799781539642827,2.6380738371807184,2.7463127664254587,1.7580472818332336
TCGA-S3-AA17,9.80506498277576,54.2323750548757,39.3009268581518,1.66577204355672,1.02043662716671,0.0,1.15757040314959,2.12154018138217,2.11347348867729,5.79995205480524,0.6841903664960174,0.06983962506863442,3.8198010034129948,5.437846931344659,1.5188372424365117,3.592169964721211,4.6520504655223025,0.765449879452697
TCGA-UL-AAZ6,16.2266198661291,2.78845455444451,0.0,1.32901057778203,2.00585416116173,0.475905644563855,1.5158476086108,3.41241973287268,2.46765889773851,5.90122999259181,0.5657921214718298,0.2458607018403533,2.9949960002382867,5.053815130417238,2.0447787867493177,3.7052370174719096,6.031732626756256,0.6463470153513448
TCGA-UU-A93S,26.5374572973477,10.2390241310732,4.61341369725556,2.07259331772228,9.08911355280201,0.282872493701038,0.398645766149062,1.645680408424,2.15522162274775,0.614415813338913,0.02814476771337868,0.29301727204950834,4.469052409854689,3.1899668450727914,3.091885976326719,1.9075444691602454,7.77586966273302,1.5758447708622336
TCGA-V7-A7HQ,12.9859744446283,0.84071597538376,0.0,0.0,0.34198615947814,0.0,3.72859909986583,1.11620482607448,1.89992310821189,4.81630507931713,0.11396714643300218,4.508669504181681,2.7042301321949473,3.9785709012802695,1.8980535278321664,6.741728535437074,7.339040263469094,0.6484654430273141
TCGA-W8-A86G,153.027953979774,0.179489140521097,0.214229263668955,1.64681286428106,1.27886012621281,0.520518507511181,3.76478472243001,6.87443408195801,10.2847277518588,1.56155552253354,0.3236582910262449,2.8876032521497246,4.3987676297906475,4.576909062068021,2.8763499526234098,0.9056589702720476,7.644478578414174,0.7327467621500614
TCGA-WT-AB41,11.0882370591162,0.648097189219174,0.256672154146208,0.0,1.58495055185283,0.0,0.256672154146208,1.18069190907255,2.81056008790097,8.88085653345878,0.28924428515664247,0.28510625106125354,4.72470483556652,5.478541520154456,1.4521209593421036,0.5029415680044576,4.703205929203776,1.2539287746045011
TCGA-WT-AB44,334.193381553343,0.0,0.0,0.0,3.3914223824882,0.291109217380961,3.027535860762,3.31864507814296,9.541104599661,2.24881870426792,0.11316705673273479,3.4341878465684554,4.639903566485136,4.238733368842916,1.9841153613130798,1.7897292513757694,8.61741199714931,2.2922516822557872
TCGA-XX-A899,30.0228272919045,0.473483936789137,0.213067771555112,7.97425863542371,2.1109492181849,0.382732848904552,1.72427066980711,4.3323780216206,4.8571560515619,2.97900310229832,0.4742543158326424,2.463177757870192,5.862181077657635,5.3594016905401825,2.7941870965668003,1.4878979012100888,6.071507412553406,1.5408208309061675
TCGA-XX-A89A,63.2595336850382,2.20446615506454,2.02724436612797,3.18999220085809,2.40762283994303,1.11520052550324,2.00563195284303,5.03136981273553,6.87706990726995,1.09791059487528,1.7908137336479277,0.24171817459670142,5.219981622719529,4.130164852350608,3.6362069760054667,3.9047923537237335,6.427845819920086,1.6089038425274242
TCGA-Z7-A8R5,57.6385710713301,0.244998546412972,0.21304221427215,0.378149930333065,2.88672200338763,1.139775846356,0.21304221427215,4.9905138693251,8.88918639050544,2.02922709094222,0.5488311540048216,1.103531209877993,4.711219556894335,4.37979421921535,3.051093629483344,6.502785668904623,7.776816603438051,1.4650341215269773
TCGA-Z7-A8R6,60.7953980265293,3.95825488517701,3.73301836652421,1.04125734852604,0.753249996806072,0.162465685585623,9.04269236361799,3.52255145565193,4.19456860966519,6.22169727754035,0.2940766491923655,0.11742908358689448,3.391369054396711,5.10895092966259,1.934893874081271,1.8272906170006795,7.459543095310732,0.7160690304821807
